trade_id,asset,market,signal_time,entry_time,entry_price,exit_bar_time,exit_execution_time,exit_price,bars_held,clock_hours,gross_return_pct,fees_pct,slippage_pct,funding_pct,pnl_pct,mfe_pct,mae_pct,signal_adx,config_hash,scope,scenario
ccb8911dea2f8a5fbf91,BTC,BINANCE_SPOT,2017-09-30 06:00:00+00:00,2017-09-30 07:00:00+00:00,4280.0,2017-10-01 06:00:00+00:00,2017-10-01 07:00:00+00:00,4312.95,24,24.0,0.7698598130841079,0.0,0.0,0.0,0.7698598130841079,2.336448598130841,0.3499999999999898,25.140540853836676,8b8cf8982136e554,FULL_AVAILABLE,FULL_GROSS
d195199de6a52589cf16,BTC,BINANCE_SPOT,2018-03-23 23:00:00+00:00,2018-03-24 00:00:00+00:00,8898.04,2018-03-24 23:00:00+00:00,2018-03-25 00:00:00+00:00,8546.86,24,24.0,-3.946711860139989,0.0,0.0,0.0,-3.946711860139989,1.1453084049970539,4.574490561966464,26.926110572759125,8b8cf8982136e554,FULL_AVAILABLE,FULL_GROSS
47aaf21e5d3888361d1d,BTC,BINANCE_SPOT,2019-02-16 14:00:00+00:00,2019-02-16 15:00:00+00:00,3637.55,2019-02-17 14:00:00+00:00,2019-02-17 15:00:00+00:00,3623.63,24,24.0,-0.38267515223158644,0.0,0.0,0.0,-0.38267515223158644,1.719838902558039,0.9113276793446163,37.014075789598614,8b8cf8982136e554,FULL_AVAILABLE,FULL_GROSS
593778f44fb5f0304088,BTC,BINANCE_SPOT,2019-04-16 17:00:00+00:00,2019-04-16 18:00:00+00:00,5176.12,2019-04-17 17:00:00+00:00,2019-04-17 18:00:00+00:00,5203.41,24,24.0,0.5272288895929763,0.0,0.0,0.0,0.5272288895929763,1.0486619321035786,0.678307303540097,29.191732800950597,8b8cf8982136e554,FULL_AVAILABLE,FULL_GROSS
11cdd877a62ba62b49a6,BTC,BINANCE_SPOT,2019-11-04 14:00:00+00:00,2019-11-04 15:00:00+00:00,9297.76,2019-11-05 14:00:00+00:00,2019-11-05 15:00:00+00:00,9345.41,24,24.0,0.5124890296157315,0.0,0.0,0.0,0.5124890296157315,2.322279774913528,1.312144000275335,25.037196284543754,8b8cf8982136e554,FULL_AVAILABLE,FULL_GROSS
f0a8229a56b0e1437f69,BTC,BINANCE_SPOT,2020-02-11 15:00:00+00:00,2020-02-11 16:00:00+00:00,10165.0,2020-02-12 15:00:00+00:00,2020-02-12 16:00:00+00:00,10314.56,24,24.0,1.4713231677324101,0.0,0.0,0.0,1.4713231677324101,2.803738317757009,0.04771273979341233,38.728551207181575,8b8cf8982136e554,FULL_AVAILABLE,FULL_GROSS
5b4f037df6e605ac577c,BTC,BINANCE_SPOT,2020-03-23 12:00:00+00:00,2020-03-23 13:00:00+00:00,6324.0,2020-03-24 12:00:00+00:00,2020-03-24 13:00:00+00:00,6661.58,24,24.0,5.33807716635041,0.0,0.0,0.0,5.33807716635041,8.048703352308666,2.988614800759013,27.97490020870266,8b8cf8982136e554,FULL_AVAILABLE,FULL_GROSS
a7c0e05480984b2c0967,BTC,BINANCE_SPOT,2020-04-01 22:00:00+00:00,2020-04-01 23:00:00+00:00,6520.76,2020-04-02 22:00:00+00:00,2020-04-02 23:00:00+00:00,6842.71,24,24.0,4.937307921162561,0.0,0.0,0.0,4.937307921162561,10.385905937344724,0.31836779761868583,30.160503356512322,8b8cf8982136e554,FULL_AVAILABLE,FULL_GROSS
2a3759a96e1c46a87b9f,BTC,BINANCE_SPOT,2020-07-10 23:00:00+00:00,2020-07-11 00:00:00+00:00,9288.34,2020-07-11 23:00:00+00:00,2020-07-12 00:00:00+00:00,9234.03,24,24.0,-0.5847115846319094,0.0,0.0,0.0,-0.5847115846319094,0.1177820794673807,1.1852494633056083,25.703743315875762,8b8cf8982136e554,FULL_AVAILABLE,FULL_GROSS
2520e30391d057af57b7,BTC,BINANCE_SPOT,2021-01-03 05:00:00+00:00,2021-01-03 06:00:00+00:00,33758.67,2021-01-04 05:00:00+00:00,2021-01-04 06:00:00+00:00,32813.01,24,24.0,-2.8012359491650476,0.0,0.0,0.0,-2.8012359491650476,3.019787213181095,4.418627866559904,25.910280792283277,8b8cf8982136e554,FULL_AVAILABLE,FULL_GROSS
b7671b2f1c4ed5e73afc,BTC,BINANCE_SPOT,2021-02-11 13:00:00+00:00,2021-02-11 14:00:00+00:00,47555.46,2021-02-12 13:00:00+00:00,2021-02-12 14:00:00+00:00,47871.4,24,24.0,0.6643611480153958,0.0,0.0,0.0,0.6643611480153958,3.0077303426357433,2.1305019444665203,28.649099462238816,8b8cf8982136e554,FULL_AVAILABLE,FULL_GROSS
ff160f0dde9c0edad0d9,BTC,BINANCE_SPOT,2021-12-26 22:00:00+00:00,2021-12-26 23:00:00+00:00,50973.65,2021-12-27 22:00:00+00:00,2021-12-27 23:00:00+00:00,51020.06,24,24.0,0.09104704097116101,0.0,0.0,0.0,0.09104704097116101,2.1861295002417886,1.0292572731205267,25.920424471268305,8b8cf8982136e554,FULL_AVAILABLE,FULL_GROSS
3c60d94c920ab092d624,BTC,BINANCE_SPOT,2022-06-07 19:00:00+00:00,2022-06-07 20:00:00+00:00,31059.71,2022-06-08 19:00:00+00:00,2022-06-08 20:00:00+00:00,30140.14,24,24.0,-2.960652240474878,0.0,0.0,0.0,-2.960652240474878,1.7060365341466468,3.914492440528254,35.279589055306175,8b8cf8982136e554,FULL_AVAILABLE,FULL_GROSS
77627e87b5a8982bc096,BTC,BINANCE_SPOT,2022-07-19 14:00:00+00:00,2022-07-19 15:00:00+00:00,22626.18,2022-07-20 14:00:00+00:00,2022-07-20 15:00:00+00:00,24191.35,24,24.0,6.9175176720064915,0.0,0.0,0.0,6.9175176720064915,6.954598610989576,0.7298182901400104,25.253879049109283,8b8cf8982136e554,FULL_AVAILABLE,FULL_GROSS
51aca4c4c36dbd5eff4a,BTC,BINANCE_SPOT,2022-08-10 12:00:00+00:00,2022-08-10 13:00:00+00:00,23983.92,2022-08-11 12:00:00+00:00,2022-08-11 13:00:00+00:00,24862.02,24,24.0,3.661203006014039,0.0,0.0,0.0,3.661203006014039,3.8968608968008676,2.1202539034486305,35.70793509402798,8b8cf8982136e554,FULL_AVAILABLE,FULL_GROSS
1ee841fff460ea4dee29,BTC,BINANCE_SPOT,2023-01-25 21:00:00+00:00,2023-01-25 22:00:00+00:00,23592.56,2023-01-26 21:00:00+00:00,2023-01-26 22:00:00+00:00,23081.77,24,24.0,-2.1650469470036353,0.0,0.0,0.0,-2.1650469470036353,0.9501724272397665,3.2887486563560775,30.304476457055554,8b8cf8982136e554,FULL_AVAILABLE,FULL_GROSS
6e6397016bc079f89af6,BTC,BINANCE_SPOT,2023-02-17 19:00:00+00:00,2023-02-17 20:00:00+00:00,24524.49,2023-02-18 19:00:00+00:00,2023-02-18 20:00:00+00:00,24608.34,24,24.0,0.34190313437710035,0.0,0.0,0.0,0.34190313437710035,2.024996238453884,1.927705734145754,27.982417997209488,8b8cf8982136e554,FULL_AVAILABLE,FULL_GROSS
373fa542d76d2c8b6f2c,BTC,BINANCE_SPOT,2023-08-14 03:00:00+00:00,2023-08-14 04:00:00+00:00,29399.91,2023-08-15 03:00:00+00:00,2023-08-15 04:00:00+00:00,29402.01,24,24.0,0.0071428790088083425,0.0,0.0,0.0,0.0071428790088083425,1.004798994282635,0.48608992340452695,29.318751189422777,8b8cf8982136e554,FULL_AVAILABLE,FULL_GROSS
94e3c2947b0c16b6c49b,BTC,BINANCE_SPOT,2023-09-15 22:00:00+00:00,2023-09-15 23:00:00+00:00,26776.32,2023-09-16 22:00:00+00:00,2023-09-16 23:00:00+00:00,26560.01,24,24.0,-0.8078406592093362,0.0,0.0,0.0,-0.8078406592093362,0.4170849466991741,1.237361967589272,25.84733384520369,8b8cf8982136e554,FULL_AVAILABLE,FULL_GROSS
2b919c0993ced91014db,BTC,BINANCE_SPOT,2023-11-07 18:00:00+00:00,2023-11-07 19:00:00+00:00,35377.0,2023-11-08 18:00:00+00:00,2023-11-08 19:00:00+00:00,35589.57,24,24.0,0.600870622155637,0.0,0.0,0.0,0.600870622155637,1.4444413036718773,0.782994601011957,26.40347536804385,8b8cf8982136e554,FULL_AVAILABLE,FULL_GROSS
92d91076fac53a8e18aa,BTC,BINANCE_SPOT,2024-01-04 20:00:00+00:00,2024-01-04 21:00:00+00:00,44113.68,2024-01-05 20:00:00+00:00,2024-01-05 21:00:00+00:00,43955.07,24,24.0,-0.3595483305858876,0.0,0.0,0.0,-0.3595483305858876,1.3961655432056483,3.771347119532989,28.244097584266928,8b8cf8982136e554,FULL_AVAILABLE,FULL_GROSS
b4675a1133155ee40019,BTC,BINANCE_SPOT,2024-05-15 12:00:00+00:00,2024-05-15 13:00:00+00:00,63757.57,2024-05-16 12:00:00+00:00,2024-05-16 13:00:00+00:00,66011.01,24,24.0,3.5343881518696447,0.0,0.0,0.0,3.5343881518696447,4.696603085719852,0.34769204660717196,33.17952091369305,8b8cf8982136e554,FULL_AVAILABLE,FULL_GROSS
1d6c7f5e92df0707740c,BTC,BINANCE_SPOT,2024-05-17 14:00:00+00:00,2024-05-17 15:00:00+00:00,66806.67,2024-05-18 14:00:00+00:00,2024-05-18 15:00:00+00:00,66793.66,24,24.0,-0.019474103409127804,0.0,0.0,0.0,-0.019474103409127804,0.9647689369938643,0.8861390636593622,39.907090327546825,8b8cf8982136e554,FULL_AVAILABLE,FULL_GROSS
c455f613cbf4f7c757d9,BTC,BINANCE_SPOT,2024-09-17 10:00:00+00:00,2024-09-17 11:00:00+00:00,59235.99,2024-09-18 10:00:00+00:00,2024-09-18 11:00:00+00:00,59907.49,24,24.0,1.1336013798368187,0.0,0.0,0.0,1.1336013798368187,3.5181483419117363,0.6144406466406676,28.20646024489453,8b8cf8982136e554,FULL_AVAILABLE,FULL_GROSS
7687a7b1907857ca66bb,BTC,BINANCE_SPOT,2025-01-20 06:00:00+00:00,2025-01-20 07:00:00+00:00,107482.36,2025-01-21 06:00:00+00:00,2025-01-21 07:00:00+00:00,102176.04,24,24.0,-4.936921742321259,0.0,0.0,0.0,-4.936921742321259,1.8771731472959887,6.850724156038263,26.421979347887806,8b8cf8982136e554,FULL_AVAILABLE,FULL_GROSS
07b70d9527d2713a6aad,BTC,BINANCE_SPOT,2025-03-25 19:00:00+00:00,2025-03-25 20:00:00+00:00,88116.23,2025-03-26 19:00:00+00:00,2025-03-26 20:00:00+00:00,86567.19,24,24.0,-1.75795083380212,0.0,0.0,0.0,-1.75795083380212,0.4805017191498192,2.5605158096300715,27.990323369128777,8b8cf8982136e554,FULL_AVAILABLE,FULL_GROSS
1d03d6e74addf15e713d,BTC,BINANCE_SPOT,2025-05-18 22:00:00+00:00,2025-05-18 23:00:00+00:00,105928.11,2025-05-19 22:00:00+00:00,2025-05-19 23:00:00+00:00,105549.92,24,24.0,-0.3570251560232712,0.0,0.0,0.0,-0.3570251560232712,1.1144445039187376,3.7082791338389787,26.322727910898106,8b8cf8982136e554,FULL_AVAILABLE,FULL_GROSS
7087941d0466c0600886,BTC,BINANCE_SPOT,2025-08-10 03:00:00+00:00,2025-08-10 04:00:00+00:00,118500.0,2025-08-11 03:00:00+00:00,2025-08-11 04:00:00+00:00,121728.99,24,24.0,2.7248860759493714,0.0,0.0,0.0,2.7248860759493714,3.0920421940928327,0.8722869198312265,25.547284239344258,8b8cf8982136e554,FULL_AVAILABLE,FULL_GROSS
ed8bffe73d12ff745987,BTC,BINANCE_SPOT,2025-09-30 19:00:00+00:00,2025-09-30 20:00:00+00:00,114359.99,2025-10-01 19:00:00+00:00,2025-10-01 20:00:00+00:00,117439.53,24,24.0,2.692847384824005,0.0,0.0,0.0,2.692847384824005,3.3569520249171014,0.5199108534374713,29.236089482019683,8b8cf8982136e554,FULL_AVAILABLE,FULL_GROSS
9a9b7b3d942b270c7f24,BTC,BINANCE_SPOT,2026-04-13 14:00:00+00:00,2026-04-13 15:00:00+00:00,72400.15,2026-04-14 14:00:00+00:00,2026-04-14 15:00:00+00:00,75013.62,24,24.0,3.6097577145903728,0.0,0.0,0.0,3.6097577145903728,5.024644285957979,1.032456424468734,30.00527292374807,8b8cf8982136e554,FULL_AVAILABLE,FULL_GROSS
a69e99eff9a5c91b23b0,BTC,BINANCE_SPOT,2026-05-05 02:00:00+00:00,2026-05-05 03:00:00+00:00,80554.69,2026-05-06 02:00:00+00:00,2026-05-06 03:00:00+00:00,81363.54,24,24.0,1.0041004440585537,0.0,0.0,0.0,1.0041004440585537,1.5353420142266,0.12011715270707306,25.955118230821242,8b8cf8982136e554,FULL_AVAILABLE,FULL_GROSS
a88666c52bb8accaec38,BTC,BINANCE_SPOT,2026-06-14 21:00:00+00:00,2026-06-14 22:00:00+00:00,65311.59,2026-06-15 21:00:00+00:00,2026-06-15 22:00:00+00:00,66368.15,24,24.0,1.6177220612757974,0.0,0.0,0.0,1.6177220612757974,3.0324786152044343,0.5595790884894916,28.701388156242597,8b8cf8982136e554,FULL_AVAILABLE,FULL_GROSS
ccb8911dea2f8a5fbf91,BTC,BINANCE_SPOT,2017-09-30 06:00:00+00:00,2017-09-30 07:00:00+00:00,4280.0,2017-10-01 06:00:00+00:00,2017-10-01 07:00:00+00:00,4312.95,24,24.0,0.7698598130841079,0.11,0.04,0.0,0.6198598130841079,2.336448598130841,0.3499999999999898,25.140540853836676,8b8cf8982136e554,FULL_AVAILABLE,FULL_COST
d195199de6a52589cf16,BTC,BINANCE_SPOT,2018-03-23 23:00:00+00:00,2018-03-24 00:00:00+00:00,8898.04,2018-03-24 23:00:00+00:00,2018-03-25 00:00:00+00:00,8546.86,24,24.0,-3.946711860139989,0.11,0.04,0.0,-4.0967118601399894,1.1453084049970539,4.574490561966464,26.926110572759125,8b8cf8982136e554,FULL_AVAILABLE,FULL_COST
47aaf21e5d3888361d1d,BTC,BINANCE_SPOT,2019-02-16 14:00:00+00:00,2019-02-16 15:00:00+00:00,3637.55,2019-02-17 14:00:00+00:00,2019-02-17 15:00:00+00:00,3623.63,24,24.0,-0.38267515223158644,0.11,0.04,0.0,-0.5326751522315865,1.719838902558039,0.9113276793446163,37.014075789598614,8b8cf8982136e554,FULL_AVAILABLE,FULL_COST
593778f44fb5f0304088,BTC,BINANCE_SPOT,2019-04-16 17:00:00+00:00,2019-04-16 18:00:00+00:00,5176.12,2019-04-17 17:00:00+00:00,2019-04-17 18:00:00+00:00,5203.41,24,24.0,0.5272288895929763,0.11,0.04,0.0,0.37722888959297635,1.0486619321035786,0.678307303540097,29.191732800950597,8b8cf8982136e554,FULL_AVAILABLE,FULL_COST
11cdd877a62ba62b49a6,BTC,BINANCE_SPOT,2019-11-04 14:00:00+00:00,2019-11-04 15:00:00+00:00,9297.76,2019-11-05 14:00:00+00:00,2019-11-05 15:00:00+00:00,9345.41,24,24.0,0.5124890296157315,0.11,0.04,0.0,0.36248902961573154,2.322279774913528,1.312144000275335,25.037196284543754,8b8cf8982136e554,FULL_AVAILABLE,FULL_COST
f0a8229a56b0e1437f69,BTC,BINANCE_SPOT,2020-02-11 15:00:00+00:00,2020-02-11 16:00:00+00:00,10165.0,2020-02-12 15:00:00+00:00,2020-02-12 16:00:00+00:00,10314.56,24,24.0,1.4713231677324101,0.11,0.04,0.0,1.32132316773241,2.803738317757009,0.04771273979341233,38.728551207181575,8b8cf8982136e554,FULL_AVAILABLE,FULL_COST
5b4f037df6e605ac577c,BTC,BINANCE_SPOT,2020-03-23 12:00:00+00:00,2020-03-23 13:00:00+00:00,6324.0,2020-03-24 12:00:00+00:00,2020-03-24 13:00:00+00:00,6661.58,24,24.0,5.33807716635041,0.11,0.04,0.0,5.18807716635041,8.048703352308666,2.988614800759013,27.97490020870266,8b8cf8982136e554,FULL_AVAILABLE,FULL_COST
a7c0e05480984b2c0967,BTC,BINANCE_SPOT,2020-04-01 22:00:00+00:00,2020-04-01 23:00:00+00:00,6520.76,2020-04-02 22:00:00+00:00,2020-04-02 23:00:00+00:00,6842.71,24,24.0,4.937307921162561,0.11,0.04,0.0,4.787307921162561,10.385905937344724,0.31836779761868583,30.160503356512322,8b8cf8982136e554,FULL_AVAILABLE,FULL_COST
2a3759a96e1c46a87b9f,BTC,BINANCE_SPOT,2020-07-10 23:00:00+00:00,2020-07-11 00:00:00+00:00,9288.34,2020-07-11 23:00:00+00:00,2020-07-12 00:00:00+00:00,9234.03,24,24.0,-0.5847115846319094,0.11,0.04,0.0,-0.7347115846319094,0.1177820794673807,1.1852494633056083,25.703743315875762,8b8cf8982136e554,FULL_AVAILABLE,FULL_COST
2520e30391d057af57b7,BTC,BINANCE_SPOT,2021-01-03 05:00:00+00:00,2021-01-03 06:00:00+00:00,33758.67,2021-01-04 05:00:00+00:00,2021-01-04 06:00:00+00:00,32813.01,24,24.0,-2.8012359491650476,0.11,0.04,0.0,-2.9512359491650475,3.019787213181095,4.418627866559904,25.910280792283277,8b8cf8982136e554,FULL_AVAILABLE,FULL_COST
b7671b2f1c4ed5e73afc,BTC,BINANCE_SPOT,2021-02-11 13:00:00+00:00,2021-02-11 14:00:00+00:00,47555.46,2021-02-12 13:00:00+00:00,2021-02-12 14:00:00+00:00,47871.4,24,24.0,0.6643611480153958,0.11,0.04,0.0,0.5143611480153958,3.0077303426357433,2.1305019444665203,28.649099462238816,8b8cf8982136e554,FULL_AVAILABLE,FULL_COST
ff160f0dde9c0edad0d9,BTC,BINANCE_SPOT,2021-12-26 22:00:00+00:00,2021-12-26 23:00:00+00:00,50973.65,2021-12-27 22:00:00+00:00,2021-12-27 23:00:00+00:00,51020.06,24,24.0,0.09104704097116101,0.11,0.04,0.0,-0.05895295902883899,2.1861295002417886,1.0292572731205267,25.920424471268305,8b8cf8982136e554,FULL_AVAILABLE,FULL_COST
3c60d94c920ab092d624,BTC,BINANCE_SPOT,2022-06-07 19:00:00+00:00,2022-06-07 20:00:00+00:00,31059.71,2022-06-08 19:00:00+00:00,2022-06-08 20:00:00+00:00,30140.14,24,24.0,-2.960652240474878,0.11,0.04,0.0,-3.1106522404748778,1.7060365341466468,3.914492440528254,35.279589055306175,8b8cf8982136e554,FULL_AVAILABLE,FULL_COST
77627e87b5a8982bc096,BTC,BINANCE_SPOT,2022-07-19 14:00:00+00:00,2022-07-19 15:00:00+00:00,22626.18,2022-07-20 14:00:00+00:00,2022-07-20 15:00:00+00:00,24191.35,24,24.0,6.9175176720064915,0.11,0.04,0.0,6.767517672006491,6.954598610989576,0.7298182901400104,25.253879049109283,8b8cf8982136e554,FULL_AVAILABLE,FULL_COST
51aca4c4c36dbd5eff4a,BTC,BINANCE_SPOT,2022-08-10 12:00:00+00:00,2022-08-10 13:00:00+00:00,23983.92,2022-08-11 12:00:00+00:00,2022-08-11 13:00:00+00:00,24862.02,24,24.0,3.661203006014039,0.11,0.04,0.0,3.511203006014039,3.8968608968008676,2.1202539034486305,35.70793509402798,8b8cf8982136e554,FULL_AVAILABLE,FULL_COST
1ee841fff460ea4dee29,BTC,BINANCE_SPOT,2023-01-25 21:00:00+00:00,2023-01-25 22:00:00+00:00,23592.56,2023-01-26 21:00:00+00:00,2023-01-26 22:00:00+00:00,23081.77,24,24.0,-2.1650469470036353,0.11,0.04,0.0,-2.3150469470036352,0.9501724272397665,3.2887486563560775,30.304476457055554,8b8cf8982136e554,FULL_AVAILABLE,FULL_COST
6e6397016bc079f89af6,BTC,BINANCE_SPOT,2023-02-17 19:00:00+00:00,2023-02-17 20:00:00+00:00,24524.49,2023-02-18 19:00:00+00:00,2023-02-18 20:00:00+00:00,24608.34,24,24.0,0.34190313437710035,0.11,0.04,0.0,0.19190313437710035,2.024996238453884,1.927705734145754,27.982417997209488,8b8cf8982136e554,FULL_AVAILABLE,FULL_COST
373fa542d76d2c8b6f2c,BTC,BINANCE_SPOT,2023-08-14 03:00:00+00:00,2023-08-14 04:00:00+00:00,29399.91,2023-08-15 03:00:00+00:00,2023-08-15 04:00:00+00:00,29402.01,24,24.0,0.0071428790088083425,0.11,0.04,0.0,-0.14285712099119166,1.004798994282635,0.48608992340452695,29.318751189422777,8b8cf8982136e554,FULL_AVAILABLE,FULL_COST
94e3c2947b0c16b6c49b,BTC,BINANCE_SPOT,2023-09-15 22:00:00+00:00,2023-09-15 23:00:00+00:00,26776.32,2023-09-16 22:00:00+00:00,2023-09-16 23:00:00+00:00,26560.01,24,24.0,-0.8078406592093362,0.11,0.04,0.0,-0.9578406592093363,0.4170849466991741,1.237361967589272,25.84733384520369,8b8cf8982136e554,FULL_AVAILABLE,FULL_COST
2b919c0993ced91014db,BTC,BINANCE_SPOT,2023-11-07 18:00:00+00:00,2023-11-07 19:00:00+00:00,35377.0,2023-11-08 18:00:00+00:00,2023-11-08 19:00:00+00:00,35589.57,24,24.0,0.600870622155637,0.11,0.04,0.0,0.45087062215563706,1.4444413036718773,0.782994601011957,26.40347536804385,8b8cf8982136e554,FULL_AVAILABLE,FULL_COST
92d91076fac53a8e18aa,BTC,BINANCE_SPOT,2024-01-04 20:00:00+00:00,2024-01-04 21:00:00+00:00,44113.68,2024-01-05 20:00:00+00:00,2024-01-05 21:00:00+00:00,43955.07,24,24.0,-0.3595483305858876,0.11,0.04,0.0,-0.5095483305858876,1.3961655432056483,3.771347119532989,28.244097584266928,8b8cf8982136e554,FULL_AVAILABLE,FULL_COST
b4675a1133155ee40019,BTC,BINANCE_SPOT,2024-05-15 12:00:00+00:00,2024-05-15 13:00:00+00:00,63757.57,2024-05-16 12:00:00+00:00,2024-05-16 13:00:00+00:00,66011.01,24,24.0,3.5343881518696447,0.11,0.04,0.0,3.384388151869645,4.696603085719852,0.34769204660717196,33.17952091369305,8b8cf8982136e554,FULL_AVAILABLE,FULL_COST
1d6c7f5e92df0707740c,BTC,BINANCE_SPOT,2024-05-17 14:00:00+00:00,2024-05-17 15:00:00+00:00,66806.67,2024-05-18 14:00:00+00:00,2024-05-18 15:00:00+00:00,66793.66,24,24.0,-0.019474103409127804,0.11,0.04,0.0,-0.1694741034091278,0.9647689369938643,0.8861390636593622,39.907090327546825,8b8cf8982136e554,FULL_AVAILABLE,FULL_COST
c455f613cbf4f7c757d9,BTC,BINANCE_SPOT,2024-09-17 10:00:00+00:00,2024-09-17 11:00:00+00:00,59235.99,2024-09-18 10:00:00+00:00,2024-09-18 11:00:00+00:00,59907.49,24,24.0,1.1336013798368187,0.11,0.04,0.0,0.9836013798368186,3.5181483419117363,0.6144406466406676,28.20646024489453,8b8cf8982136e554,FULL_AVAILABLE,FULL_COST
7687a7b1907857ca66bb,BTC,BINANCE_SPOT,2025-01-20 06:00:00+00:00,2025-01-20 07:00:00+00:00,107482.36,2025-01-21 06:00:00+00:00,2025-01-21 07:00:00+00:00,102176.04,24,24.0,-4.936921742321259,0.11,0.04,0.0,-5.086921742321259,1.8771731472959887,6.850724156038263,26.421979347887806,8b8cf8982136e554,FULL_AVAILABLE,FULL_COST
07b70d9527d2713a6aad,BTC,BINANCE_SPOT,2025-03-25 19:00:00+00:00,2025-03-25 20:00:00+00:00,88116.23,2025-03-26 19:00:00+00:00,2025-03-26 20:00:00+00:00,86567.19,24,24.0,-1.75795083380212,0.11,0.04,0.0,-1.90795083380212,0.4805017191498192,2.5605158096300715,27.990323369128777,8b8cf8982136e554,FULL_AVAILABLE,FULL_COST
1d03d6e74addf15e713d,BTC,BINANCE_SPOT,2025-05-18 22:00:00+00:00,2025-05-18 23:00:00+00:00,105928.11,2025-05-19 22:00:00+00:00,2025-05-19 23:00:00+00:00,105549.92,24,24.0,-0.3570251560232712,0.11,0.04,0.0,-0.5070251560232711,1.1144445039187376,3.7082791338389787,26.322727910898106,8b8cf8982136e554,FULL_AVAILABLE,FULL_COST
7087941d0466c0600886,BTC,BINANCE_SPOT,2025-08-10 03:00:00+00:00,2025-08-10 04:00:00+00:00,118500.0,2025-08-11 03:00:00+00:00,2025-08-11 04:00:00+00:00,121728.99,24,24.0,2.7248860759493714,0.11,0.04,0.0,2.5748860759493715,3.0920421940928327,0.8722869198312265,25.547284239344258,8b8cf8982136e554,FULL_AVAILABLE,FULL_COST
ed8bffe73d12ff745987,BTC,BINANCE_SPOT,2025-09-30 19:00:00+00:00,2025-09-30 20:00:00+00:00,114359.99,2025-10-01 19:00:00+00:00,2025-10-01 20:00:00+00:00,117439.53,24,24.0,2.692847384824005,0.11,0.04,0.0,2.542847384824005,3.3569520249171014,0.5199108534374713,29.236089482019683,8b8cf8982136e554,FULL_AVAILABLE,FULL_COST
9a9b7b3d942b270c7f24,BTC,BINANCE_SPOT,2026-04-13 14:00:00+00:00,2026-04-13 15:00:00+00:00,72400.15,2026-04-14 14:00:00+00:00,2026-04-14 15:00:00+00:00,75013.62,24,24.0,3.6097577145903728,0.11,0.04,0.0,3.459757714590373,5.024644285957979,1.032456424468734,30.00527292374807,8b8cf8982136e554,FULL_AVAILABLE,FULL_COST
a69e99eff9a5c91b23b0,BTC,BINANCE_SPOT,2026-05-05 02:00:00+00:00,2026-05-05 03:00:00+00:00,80554.69,2026-05-06 02:00:00+00:00,2026-05-06 03:00:00+00:00,81363.54,24,24.0,1.0041004440585537,0.11,0.04,0.0,0.8541004440585537,1.5353420142266,0.12011715270707306,25.955118230821242,8b8cf8982136e554,FULL_AVAILABLE,FULL_COST
a88666c52bb8accaec38,BTC,BINANCE_SPOT,2026-06-14 21:00:00+00:00,2026-06-14 22:00:00+00:00,65311.59,2026-06-15 21:00:00+00:00,2026-06-15 22:00:00+00:00,66368.15,24,24.0,1.6177220612757974,0.11,0.04,0.0,1.4677220612757973,3.0324786152044343,0.5595790884894916,28.701388156242597,8b8cf8982136e554,FULL_AVAILABLE,FULL_COST
e7c53718a23293ee167e,BTC,BYBIT_PERPETUAL,2020-07-10 23:00:00+00:00,2020-07-11 00:00:00+00:00,9278.0,2020-07-11 23:00:00+00:00,2020-07-12 00:00:00+00:00,9231.0,24,24.0,-0.5065746928217288,0.0,0.0,0.0,-0.5065746928217288,0.06466910972192283,1.0562621254580729,25.12077524997242,8b8cf8982136e554,FULL_AVAILABLE,FULL_GROSS
8f6d98fa1925b4e34200,BTC,BYBIT_PERPETUAL,2020-07-24 20:00:00+00:00,2020-07-24 21:00:00+00:00,9608.0,2020-07-25 20:00:00+00:00,2020-07-25 21:00:00+00:00,9703.5,24,24.0,0.9939633638634472,0.0,0.0,0.0,0.9939633638634472,1.26977518734388,0.9991673605328892,28.59119777399654,8b8cf8982136e554,FULL_AVAILABLE,FULL_GROSS
77cc376882c73a2d4cc2,BTC,BYBIT_PERPETUAL,2021-01-03 05:00:00+00:00,2021-01-03 06:00:00+00:00,33803.5,2021-01-04 05:00:00+00:00,2021-01-04 06:00:00+00:00,32920.5,24,24.0,-2.6121555460233408,0.0,0.0,0.0,-2.6121555460233408,3.007085065155975,4.178561391571878,29.907613720807277,8b8cf8982136e554,FULL_AVAILABLE,FULL_GROSS
c1bea9e481a23ac631f0,BTC,BYBIT_PERPETUAL,2021-03-08 20:00:00+00:00,2021-03-08 21:00:00+00:00,51770.5,2021-03-09 20:00:00+00:00,2021-03-09 21:00:00+00:00,54391.0,24,24.0,5.061762973121758,0.0,0.0,0.0,5.061762973121758,5.851788180527521,0.6866845017915608,25.02205430159985,8b8cf8982136e554,FULL_AVAILABLE,FULL_GROSS
747556afcc943968aba4,BTC,BYBIT_PERPETUAL,2022-06-07 19:00:00+00:00,2022-06-07 20:00:00+00:00,31049.5,2022-06-08 19:00:00+00:00,2022-06-08 20:00:00+00:00,30131.5,24,24.0,-2.9565693489428173,0.0,0.0,0.0,-2.9565693489428173,1.7665340826744393,3.9662474435981254,36.00528641498154,8b8cf8982136e554,FULL_AVAILABLE,FULL_GROSS
ca97933c4649a44c2a9e,BTC,BYBIT_PERPETUAL,2023-01-25 21:00:00+00:00,2023-01-25 22:00:00+00:00,23618.0,2023-01-26 21:00:00+00:00,2023-01-26 22:00:00+00:00,23082.5,24,24.0,-2.2673384706579727,0.0,0.0,0.0,-2.2673384706579727,1.0881531035650776,3.4571089846727068,29.73335006391264,8b8cf8982136e554,FULL_AVAILABLE,FULL_GROSS
fc10944515b4934bafe3,BTC,BYBIT_PERPETUAL,2023-02-17 19:00:00+00:00,2023-02-17 20:00:00+00:00,24526.8,2023-02-18 19:00:00+00:00,2023-02-18 20:00:00+00:00,24607.0,24,24.0,0.32698925257269895,0.0,0.0,0.0,0.32698925257269895,2.1083060162760825,1.9456268245347976,27.798782267379494,8b8cf8982136e554,FULL_AVAILABLE,FULL_GROSS
85ea2f679c281e4e57eb,BTC,BYBIT_PERPETUAL,2023-08-14 04:00:00+00:00,2023-08-14 05:00:00+00:00,29400.4,2023-08-15 04:00:00+00:00,2023-08-15 05:00:00+00:00,29369.5,24,24.0,-0.10510061087604745,0.0,0.0,0.0,-0.10510061087604745,0.9510074692861272,0.5795839512387635,29.668408560139795,8b8cf8982136e554,FULL_AVAILABLE,FULL_GROSS
babfa64a6ca335c4c1db,BTC,BYBIT_PERPETUAL,2023-09-15 22:00:00+00:00,2023-09-15 23:00:00+00:00,26761.3,2023-09-16 22:00:00+00:00,2023-09-16 23:00:00+00:00,26547.0,24,24.0,-0.8007832205460844,0.0,0.0,0.0,-0.8007832205460844,0.48428140635919104,1.2379817123981245,25.857593247531817,8b8cf8982136e554,FULL_AVAILABLE,FULL_GROSS
1dadb0c5d18dd7630eae,BTC,BYBIT_PERPETUAL,2023-11-07 18:00:00+00:00,2023-11-07 19:00:00+00:00,35408.9,2023-11-08 18:00:00+00:00,2023-11-08 19:00:00+00:00,35622.2,24,24.0,0.6023909243156258,0.0,0.0,0.0,0.6023909243156258,1.4657331913727902,0.9429832612704756,25.826768990275777,8b8cf8982136e554,FULL_AVAILABLE,FULL_GROSS
bde1ce54d45394074ebc,BTC,BYBIT_PERPETUAL,2024-01-04 21:00:00+00:00,2024-01-04 22:00:00+00:00,44456.0,2024-01-05 21:00:00+00:00,2024-01-05 22:00:00+00:00,43957.7,24,24.0,-1.120883570271736,0.0,0.0,0.0,-1.120883570271736,0.7139643692639946,5.1174194709375564,29.71089516763064,8b8cf8982136e554,FULL_AVAILABLE,FULL_GROSS
959976ed55f7d5b1bdfe,BTC,BYBIT_PERPETUAL,2024-02-01 19:00:00+00:00,2024-02-01 20:00:00+00:00,43201.1,2024-02-02 19:00:00+00:00,2024-02-02 20:00:00+00:00,43041.0,24,24.0,-0.370592415470899,0.0,0.0,0.0,-0.370592415470899,0.6379467189492827,1.575885799204177,27.76553510767949,8b8cf8982136e554,FULL_AVAILABLE,FULL_GROSS
4dcdde171036d7f6cfe8,BTC,BYBIT_PERPETUAL,2024-02-26 15:00:00+00:00,2024-02-26 16:00:00+00:00,52899.2,2024-02-27 15:00:00+00:00,2024-02-27 16:00:00+00:00,56780.0,24,24.0,7.336216804791004,0.0,0.0,0.0,7.336216804791004,8.886334764987,0.1691897041921239,25.503323408277993,8b8cf8982136e554,FULL_AVAILABLE,FULL_GROSS
04ea19cf03e18257ca67,BTC,BYBIT_PERPETUAL,2024-05-15 12:00:00+00:00,2024-05-15 13:00:00+00:00,63727.1,2024-05-16 12:00:00+00:00,2024-05-16 13:00:00+00:00,65970.0,24,24.0,3.5195387833433527,0.0,0.0,0.0,3.5195387833433527,4.77489168658232,0.3563633054069596,33.428654927930005,8b8cf8982136e554,FULL_AVAILABLE,FULL_GROSS
77416a3b8569becdf051,BTC,BYBIT_PERPETUAL,2024-05-17 14:00:00+00:00,2024-05-17 15:00:00+00:00,66799.9,2024-05-18 14:00:00+00:00,2024-05-18 15:00:00+00:00,66760.9,24,24.0,-0.05838332093311518,0.0,0.0,0.0,-0.05838332093311518,0.9639235986880351,0.9564385575427423,37.861187695108555,8b8cf8982136e554,FULL_AVAILABLE,FULL_GROSS
eaa60e5b5d03ffc88685,BTC,BYBIT_PERPETUAL,2024-09-17 10:00:00+00:00,2024-09-17 11:00:00+00:00,59210.0,2024-09-18 10:00:00+00:00,2024-09-18 11:00:00+00:00,59884.5,24,24.0,1.1391656814727242,0.0,0.0,0.0,1.1391656814727242,3.5804762709001863,0.6274277993582166,27.816273986999153,8b8cf8982136e554,FULL_AVAILABLE,FULL_GROSS
3af049b2b889bb4d3c56,BTC,BYBIT_PERPETUAL,2025-01-20 06:00:00+00:00,2025-01-20 07:00:00+00:00,107542.7,2025-01-21 06:00:00+00:00,2025-01-21 07:00:00+00:00,102161.9,24,24.0,-5.003407948656676,0.0,0.0,0.0,-5.003407948656676,1.9260256623648122,7.013679217650289,26.264820129677375,8b8cf8982136e554,FULL_AVAILABLE,FULL_GROSS
2fce9ed7f1faed3739b3,BTC,BYBIT_PERPETUAL,2025-03-25 19:00:00+00:00,2025-03-25 20:00:00+00:00,88053.8,2025-03-26 19:00:00+00:00,2025-03-26 20:00:00+00:00,86518.6,24,24.0,-1.7434795545450588,0.0,0.0,0.0,-1.7434795545450588,0.506735654792862,2.559457967742445,28.052129363118322,8b8cf8982136e554,FULL_AVAILABLE,FULL_GROSS
2ecf060fd5102c1d7ce4,BTC,BYBIT_PERPETUAL,2025-05-18 22:00:00+00:00,2025-05-18 23:00:00+00:00,105936.9,2025-05-19 22:00:00+00:00,2025-05-19 23:00:00+00:00,105512.4,24,24.0,-0.40071023411106044,0.0,0.0,0.0,-0.40071023411106044,1.130295487219287,3.716268835504904,26.151016097750947,8b8cf8982136e554,FULL_AVAILABLE,FULL_GROSS
1b1582bab20131ac5a47,BTC,BYBIT_PERPETUAL,2025-08-10 03:00:00+00:00,2025-08-10 04:00:00+00:00,118488.9,2025-08-11 03:00:00+00:00,2025-08-11 04:00:00+00:00,121709.4,24,24.0,2.717976114218294,0.0,0.0,0.0,2.717976114218294,3.3185386985616425,0.8928262478594993,29.1138669944345,8b8cf8982136e554,FULL_AVAILABLE,FULL_GROSS
a6db48b7166e622a6111,BTC,BYBIT_PERPETUAL,2025-09-30 19:00:00+00:00,2025-09-30 20:00:00+00:00,114314.7,2025-10-01 19:00:00+00:00,2025-10-01 20:00:00+00:00,117369.3,24,24.0,2.672097289325,0.0,0.0,0.0,2.672097289325,3.355036578847692,0.5230298465551624,29.1477815683732,8b8cf8982136e554,FULL_AVAILABLE,FULL_GROSS
b7c6cd092d253b541f9c,BTC,BYBIT_PERPETUAL,2026-04-13 14:00:00+00:00,2026-04-13 15:00:00+00:00,72348.4,2026-04-14 14:00:00+00:00,2026-04-14 15:00:00+00:00,74974.2,24,24.0,3.6293822669195217,0.0,0.0,0.0,3.6293822669195217,5.061480281526625,1.0210315639323013,31.429523124190656,8b8cf8982136e554,FULL_AVAILABLE,FULL_GROSS
fa83826795431f0d052b,BTC,BYBIT_PERPETUAL,2026-05-05 02:00:00+00:00,2026-05-05 03:00:00+00:00,80520.6,2026-05-06 02:00:00+00:00,2026-05-06 03:00:00+00:00,81331.3,24,24.0,1.0068230986853017,0.0,0.0,0.0,1.0068230986853017,1.5727652302640494,0.12754500090661475,25.6544131535365,8b8cf8982136e554,FULL_AVAILABLE,FULL_GROSS
2559226ed0b43f7e5261,BTC,BYBIT_PERPETUAL,2026-06-14 21:00:00+00:00,2026-06-14 22:00:00+00:00,65286.6,2026-06-15 21:00:00+00:00,2026-06-15 22:00:00+00:00,66337.2,24,24.0,1.6092123039030959,0.0,0.0,0.0,1.6092123039030959,3.047179666271488,0.5615241106138145,27.657118736569963,8b8cf8982136e554,FULL_AVAILABLE,FULL_GROSS
e7c53718a23293ee167e,BTC,BYBIT_PERPETUAL,2020-07-10 23:00:00+00:00,2020-07-11 00:00:00+00:00,9278.0,2020-07-11 23:00:00+00:00,2020-07-12 00:00:00+00:00,9231.0,24,24.0,-0.5065746928217288,0.11,0.04,0.0,-0.6565746928217289,0.06466910972192283,1.0562621254580729,25.12077524997242,8b8cf8982136e554,FULL_AVAILABLE,FULL_COST
8f6d98fa1925b4e34200,BTC,BYBIT_PERPETUAL,2020-07-24 20:00:00+00:00,2020-07-24 21:00:00+00:00,9608.0,2020-07-25 20:00:00+00:00,2020-07-25 21:00:00+00:00,9703.5,24,24.0,0.9939633638634472,0.11,0.04,0.0,0.8439633638634472,1.26977518734388,0.9991673605328892,28.59119777399654,8b8cf8982136e554,FULL_AVAILABLE,FULL_COST
77cc376882c73a2d4cc2,BTC,BYBIT_PERPETUAL,2021-01-03 05:00:00+00:00,2021-01-03 06:00:00+00:00,33803.5,2021-01-04 05:00:00+00:00,2021-01-04 06:00:00+00:00,32920.5,24,24.0,-2.6121555460233408,0.11,0.04,0.0,-2.7621555460233407,3.007085065155975,4.178561391571878,29.907613720807277,8b8cf8982136e554,FULL_AVAILABLE,FULL_COST
c1bea9e481a23ac631f0,BTC,BYBIT_PERPETUAL,2021-03-08 20:00:00+00:00,2021-03-08 21:00:00+00:00,51770.5,2021-03-09 20:00:00+00:00,2021-03-09 21:00:00+00:00,54391.0,24,24.0,5.061762973121758,0.11,0.04,0.0,4.911762973121758,5.851788180527521,0.6866845017915608,25.02205430159985,8b8cf8982136e554,FULL_AVAILABLE,FULL_COST
747556afcc943968aba4,BTC,BYBIT_PERPETUAL,2022-06-07 19:00:00+00:00,2022-06-07 20:00:00+00:00,31049.5,2022-06-08 19:00:00+00:00,2022-06-08 20:00:00+00:00,30131.5,24,24.0,-2.9565693489428173,0.11,0.04,0.0,-3.106569348942817,1.7665340826744393,3.9662474435981254,36.00528641498154,8b8cf8982136e554,FULL_AVAILABLE,FULL_COST
ca97933c4649a44c2a9e,BTC,BYBIT_PERPETUAL,2023-01-25 21:00:00+00:00,2023-01-25 22:00:00+00:00,23618.0,2023-01-26 21:00:00+00:00,2023-01-26 22:00:00+00:00,23082.5,24,24.0,-2.2673384706579727,0.11,0.04,0.0,-2.4173384706579726,1.0881531035650776,3.4571089846727068,29.73335006391264,8b8cf8982136e554,FULL_AVAILABLE,FULL_COST
fc10944515b4934bafe3,BTC,BYBIT_PERPETUAL,2023-02-17 19:00:00+00:00,2023-02-17 20:00:00+00:00,24526.8,2023-02-18 19:00:00+00:00,2023-02-18 20:00:00+00:00,24607.0,24,24.0,0.32698925257269895,0.11,0.04,0.0,0.17698925257269896,2.1083060162760825,1.9456268245347976,27.798782267379494,8b8cf8982136e554,FULL_AVAILABLE,FULL_COST
85ea2f679c281e4e57eb,BTC,BYBIT_PERPETUAL,2023-08-14 04:00:00+00:00,2023-08-14 05:00:00+00:00,29400.4,2023-08-15 04:00:00+00:00,2023-08-15 05:00:00+00:00,29369.5,24,24.0,-0.10510061087604745,0.11,0.04,0.0,-0.25510061087604746,0.9510074692861272,0.5795839512387635,29.668408560139795,8b8cf8982136e554,FULL_AVAILABLE,FULL_COST
babfa64a6ca335c4c1db,BTC,BYBIT_PERPETUAL,2023-09-15 22:00:00+00:00,2023-09-15 23:00:00+00:00,26761.3,2023-09-16 22:00:00+00:00,2023-09-16 23:00:00+00:00,26547.0,24,24.0,-0.8007832205460844,0.11,0.04,0.0,-0.9507832205460844,0.48428140635919104,1.2379817123981245,25.857593247531817,8b8cf8982136e554,FULL_AVAILABLE,FULL_COST
1dadb0c5d18dd7630eae,BTC,BYBIT_PERPETUAL,2023-11-07 18:00:00+00:00,2023-11-07 19:00:00+00:00,35408.9,2023-11-08 18:00:00+00:00,2023-11-08 19:00:00+00:00,35622.2,24,24.0,0.6023909243156258,0.11,0.04,0.0,0.45239092431562583,1.4657331913727902,0.9429832612704756,25.826768990275777,8b8cf8982136e554,FULL_AVAILABLE,FULL_COST
bde1ce54d45394074ebc,BTC,BYBIT_PERPETUAL,2024-01-04 21:00:00+00:00,2024-01-04 22:00:00+00:00,44456.0,2024-01-05 21:00:00+00:00,2024-01-05 22:00:00+00:00,43957.7,24,24.0,-1.120883570271736,0.11,0.04,0.0,-1.270883570271736,0.7139643692639946,5.1174194709375564,29.71089516763064,8b8cf8982136e554,FULL_AVAILABLE,FULL_COST
959976ed55f7d5b1bdfe,BTC,BYBIT_PERPETUAL,2024-02-01 19:00:00+00:00,2024-02-01 20:00:00+00:00,43201.1,2024-02-02 19:00:00+00:00,2024-02-02 20:00:00+00:00,43041.0,24,24.0,-0.370592415470899,0.11,0.04,0.0,-0.520592415470899,0.6379467189492827,1.575885799204177,27.76553510767949,8b8cf8982136e554,FULL_AVAILABLE,FULL_COST
4dcdde171036d7f6cfe8,BTC,BYBIT_PERPETUAL,2024-02-26 15:00:00+00:00,2024-02-26 16:00:00+00:00,52899.2,2024-02-27 15:00:00+00:00,2024-02-27 16:00:00+00:00,56780.0,24,24.0,7.336216804791004,0.11,0.04,0.0,7.1862168047910036,8.886334764987,0.1691897041921239,25.503323408277993,8b8cf8982136e554,FULL_AVAILABLE,FULL_COST
04ea19cf03e18257ca67,BTC,BYBIT_PERPETUAL,2024-05-15 12:00:00+00:00,2024-05-15 13:00:00+00:00,63727.1,2024-05-16 12:00:00+00:00,2024-05-16 13:00:00+00:00,65970.0,24,24.0,3.5195387833433527,0.11,0.04,0.0,3.3695387833433528,4.77489168658232,0.3563633054069596,33.428654927930005,8b8cf8982136e554,FULL_AVAILABLE,FULL_COST
77416a3b8569becdf051,BTC,BYBIT_PERPETUAL,2024-05-17 14:00:00+00:00,2024-05-17 15:00:00+00:00,66799.9,2024-05-18 14:00:00+00:00,2024-05-18 15:00:00+00:00,66760.9,24,24.0,-0.05838332093311518,0.11,0.04,0.0,-0.20838332093311518,0.9639235986880351,0.9564385575427423,37.861187695108555,8b8cf8982136e554,FULL_AVAILABLE,FULL_COST
eaa60e5b5d03ffc88685,BTC,BYBIT_PERPETUAL,2024-09-17 10:00:00+00:00,2024-09-17 11:00:00+00:00,59210.0,2024-09-18 10:00:00+00:00,2024-09-18 11:00:00+00:00,59884.5,24,24.0,1.1391656814727242,0.11,0.04,0.0,0.9891656814727241,3.5804762709001863,0.6274277993582166,27.816273986999153,8b8cf8982136e554,FULL_AVAILABLE,FULL_COST
3af049b2b889bb4d3c56,BTC,BYBIT_PERPETUAL,2025-01-20 06:00:00+00:00,2025-01-20 07:00:00+00:00,107542.7,2025-01-21 06:00:00+00:00,2025-01-21 07:00:00+00:00,102161.9,24,24.0,-5.003407948656676,0.11,0.04,0.0,-5.153407948656676,1.9260256623648122,7.013679217650289,26.264820129677375,8b8cf8982136e554,FULL_AVAILABLE,FULL_COST
2fce9ed7f1faed3739b3,BTC,BYBIT_PERPETUAL,2025-03-25 19:00:00+00:00,2025-03-25 20:00:00+00:00,88053.8,2025-03-26 19:00:00+00:00,2025-03-26 20:00:00+00:00,86518.6,24,24.0,-1.7434795545450588,0.11,0.04,0.0,-1.893479554545059,0.506735654792862,2.559457967742445,28.052129363118322,8b8cf8982136e554,FULL_AVAILABLE,FULL_COST
2ecf060fd5102c1d7ce4,BTC,BYBIT_PERPETUAL,2025-05-18 22:00:00+00:00,2025-05-18 23:00:00+00:00,105936.9,2025-05-19 22:00:00+00:00,2025-05-19 23:00:00+00:00,105512.4,24,24.0,-0.40071023411106044,0.11,0.04,0.0,-0.5507102341110605,1.130295487219287,3.716268835504904,26.151016097750947,8b8cf8982136e554,FULL_AVAILABLE,FULL_COST
1b1582bab20131ac5a47,BTC,BYBIT_PERPETUAL,2025-08-10 03:00:00+00:00,2025-08-10 04:00:00+00:00,118488.9,2025-08-11 03:00:00+00:00,2025-08-11 04:00:00+00:00,121709.4,24,24.0,2.717976114218294,0.11,0.04,0.0,2.567976114218294,3.3185386985616425,0.8928262478594993,29.1138669944345,8b8cf8982136e554,FULL_AVAILABLE,FULL_COST
a6db48b7166e622a6111,BTC,BYBIT_PERPETUAL,2025-09-30 19:00:00+00:00,2025-09-30 20:00:00+00:00,114314.7,2025-10-01 19:00:00+00:00,2025-10-01 20:00:00+00:00,117369.3,24,24.0,2.672097289325,0.11,0.04,0.0,2.522097289325,3.355036578847692,0.5230298465551624,29.1477815683732,8b8cf8982136e554,FULL_AVAILABLE,FULL_COST
b7c6cd092d253b541f9c,BTC,BYBIT_PERPETUAL,2026-04-13 14:00:00+00:00,2026-04-13 15:00:00+00:00,72348.4,2026-04-14 14:00:00+00:00,2026-04-14 15:00:00+00:00,74974.2,24,24.0,3.6293822669195217,0.11,0.04,0.0,3.479382266919522,5.061480281526625,1.0210315639323013,31.429523124190656,8b8cf8982136e554,FULL_AVAILABLE,FULL_COST
fa83826795431f0d052b,BTC,BYBIT_PERPETUAL,2026-05-05 02:00:00+00:00,2026-05-05 03:00:00+00:00,80520.6,2026-05-06 02:00:00+00:00,2026-05-06 03:00:00+00:00,81331.3,24,24.0,1.0068230986853017,0.11,0.04,0.0,0.8568230986853017,1.5727652302640494,0.12754500090661475,25.6544131535365,8b8cf8982136e554,FULL_AVAILABLE,FULL_COST
2559226ed0b43f7e5261,BTC,BYBIT_PERPETUAL,2026-06-14 21:00:00+00:00,2026-06-14 22:00:00+00:00,65286.6,2026-06-15 21:00:00+00:00,2026-06-15 22:00:00+00:00,66337.2,24,24.0,1.6092123039030959,0.11,0.04,0.0,1.4592123039030958,3.047179666271488,0.5615241106138145,27.657118736569963,8b8cf8982136e554,FULL_AVAILABLE,FULL_COST
596d190d2a0aa95e39d7,BTC,OKX_PERPETUAL,2020-02-11 15:00:00+00:00,2020-02-11 16:00:00+00:00,10182.5,2020-02-12 15:00:00+00:00,2020-02-12 16:00:00+00:00,10322.1,24,24.0,1.3709796219003227,0.0,0.0,0.0,1.3709796219003227,3.107291922415906,0.0,36.11359369232106,8b8cf8982136e554,FULL_AVAILABLE,FULL_GROSS
5eadfe255d791073eccd,BTC,OKX_PERPETUAL,2020-04-01 22:00:00+00:00,2020-04-01 23:00:00+00:00,6518.0,2020-04-02 22:00:00+00:00,2020-04-02 23:00:00+00:00,6844.7,24,24.0,5.012273703590055,0.0,0.0,0.0,5.012273703590055,11.549555078244863,0.33752684872660327,30.048380413546855,8b8cf8982136e554,FULL_AVAILABLE,FULL_GROSS
605570afb43c065b7ad9,BTC,OKX_PERPETUAL,2021-01-03 05:00:00+00:00,2021-01-03 06:00:00+00:00,33795.0,2021-01-04 05:00:00+00:00,2021-01-04 06:00:00+00:00,32921.6,24,24.0,-2.5844059772155688,0.0,0.0,0.0,-2.5844059772155688,3.105488977659417,4.326083740198254,29.478851251970084,8b8cf8982136e554,FULL_AVAILABLE,FULL_GROSS
7e76f24a9010fdbde576,BTC,OKX_PERPETUAL,2021-02-11 13:00:00+00:00,2021-02-11 14:00:00+00:00,47638.5,2021-02-12 13:00:00+00:00,2021-02-12 14:00:00+00:00,47929.5,24,24.0,0.610850467583992,0.0,0.0,0.0,0.610850467583992,3.225752280193535,2.2492311890592696,25.348135872593577,8b8cf8982136e554,FULL_AVAILABLE,FULL_GROSS
c3b974e0068f1fcee6ca,BTC,OKX_PERPETUAL,2021-12-26 21:00:00+00:00,2021-12-26 22:00:00+00:00,50787.0,2021-12-27 21:00:00+00:00,2021-12-27 22:00:00+00:00,50966.4,24,24.0,0.3532400023628123,0.0,0.0,0.0,0.3532400023628123,2.584125858979663,0.6609959241538131,25.979451695815442,8b8cf8982136e554,FULL_AVAILABLE,FULL_GROSS
fadf7c0098affe2eb198,BTC,OKX_PERPETUAL,2022-06-07 19:00:00+00:00,2022-06-07 20:00:00+00:00,31065.0,2022-06-08 19:00:00+00:00,2022-06-08 20:00:00+00:00,30141.0,24,24.0,-2.9744084983099954,0.0,0.0,0.0,-2.9744084983099954,1.7115725092547909,3.9922742636407555,35.09471129975776,8b8cf8982136e554,FULL_AVAILABLE,FULL_GROSS
fb5311e1f3e08285c7bf,BTC,OKX_PERPETUAL,2022-08-10 12:00:00+00:00,2022-08-10 13:00:00+00:00,23983.2,2022-08-11 12:00:00+00:00,2022-08-11 13:00:00+00:00,24857.4,24,24.0,3.645051536075256,0.0,0.0,0.0,3.645051536075256,3.926915507521929,2.1273224590546747,35.087467894992564,8b8cf8982136e554,FULL_AVAILABLE,FULL_GROSS
4d4350f34782ff7f500e,BTC,OKX_PERPETUAL,2023-01-25 21:00:00+00:00,2023-01-25 22:00:00+00:00,23599.9,2023-01-26 21:00:00+00:00,2023-01-26 22:00:00+00:00,23083.3,24,24.0,-2.1889923262386795,0.0,0.0,0.0,-2.1889923262386795,0.987716049644272,3.3508616561934703,28.98850482251155,8b8cf8982136e554,FULL_AVAILABLE,FULL_GROSS
7b638a0c49a264836079,BTC,OKX_PERPETUAL,2023-02-17 19:00:00+00:00,2023-02-17 20:00:00+00:00,24526.5,2023-02-18 19:00:00+00:00,2023-02-18 20:00:00+00:00,24601.9,24,24.0,0.307422583735965,0.0,0.0,0.0,0.307422583735965,2.089576580433409,1.937496177603819,28.333729445386915,8b8cf8982136e554,FULL_AVAILABLE,FULL_GROSS
5eaa7eaa0d7999b30f6e,BTC,OKX_PERPETUAL,2023-03-26 13:00:00+00:00,2023-03-26 14:00:00+00:00,28154.1,2023-03-27 13:00:00+00:00,2023-03-27 14:00:00+00:00,27697.0,24,24.0,-1.6235645962754932,0.0,0.0,0.0,-1.6235645962754932,0.029480608508184993,1.9041631591846253,25.10980821236595,8b8cf8982136e554,FULL_AVAILABLE,FULL_GROSS
c8694e47ae93cd73501f,BTC,OKX_PERPETUAL,2023-08-14 04:00:00+00:00,2023-08-14 05:00:00+00:00,29412.9,2023-08-15 04:00:00+00:00,2023-08-15 05:00:00+00:00,29383.6,24,24.0,-0.09961615481643399,0.0,0.0,0.0,-0.09961615481643399,0.9676026505376842,0.5538386218292024,29.41198354040195,8b8cf8982136e554,FULL_AVAILABLE,FULL_GROSS
ca1c6b9e057f2c25f831,BTC,OKX_PERPETUAL,2023-09-15 22:00:00+00:00,2023-09-15 23:00:00+00:00,26776.9,2023-09-16 22:00:00+00:00,2023-09-16 23:00:00+00:00,26557.8,24,24.0,-0.8182425896948571,0.0,0.0,0.0,-0.8182425896948571,0.45599005112615176,1.2540660046532754,26.44522145677292,8b8cf8982136e554,FULL_AVAILABLE,FULL_GROSS
3dd9686e6237f7b13746,BTC,OKX_PERPETUAL,2023-10-29 12:00:00+00:00,2023-10-29 13:00:00+00:00,34430.0,2023-10-30 12:00:00+00:00,2023-10-30 13:00:00+00:00,34587.5,24,24.0,0.45744989834446703,0.0,0.0,0.0,0.45744989834446703,1.313389485913439,0.9541097879756026,25.48967635187319,8b8cf8982136e554,FULL_AVAILABLE,FULL_GROSS
b29df19f841540bcf372,BTC,OKX_PERPETUAL,2024-01-04 21:00:00+00:00,2024-01-04 22:00:00+00:00,44434.6,2024-01-05 21:00:00+00:00,2024-01-05 22:00:00+00:00,43953.5,24,24.0,-1.082714821332922,0.0,0.0,0.0,-1.082714821332922,0.702830676994961,4.917789290327801,30.29748966466041,8b8cf8982136e554,FULL_AVAILABLE,FULL_GROSS
1c1fa9644bebc53429be,BTC,OKX_PERPETUAL,2024-02-26 15:00:00+00:00,2024-02-26 16:00:00+00:00,52849.1,2024-02-27 15:00:00+00:00,2024-02-27 16:00:00+00:00,56757.8,24,24.0,7.3959632235932204,0.0,0.0,0.0,7.3959632235932204,9.067893303764876,0.16916087501963412,25.48596177201681,8b8cf8982136e554,FULL_AVAILABLE,FULL_GROSS
db6a4d14f69f53163624,BTC,OKX_PERPETUAL,2024-05-15 12:00:00+00:00,2024-05-15 13:00:00+00:00,63747.3,2024-05-16 12:00:00+00:00,2024-05-16 13:00:00+00:00,66002.4,24,24.0,3.5375615908438336,0.0,0.0,0.0,3.5375615908438336,4.787183143442933,0.34558326391863325,31.766873650203795,8b8cf8982136e554,FULL_AVAILABLE,FULL_GROSS
7f71f3dfb06ff2b39a59,BTC,OKX_PERPETUAL,2024-05-17 14:00:00+00:00,2024-05-17 15:00:00+00:00,66826.8,2024-05-18 14:00:00+00:00,2024-05-18 15:00:00+00:00,66792.4,24,24.0,-0.05147635379818984,0.0,0.0,0.0,-0.05147635379818984,0.9475240472385287,0.9138549204810001,39.665077246810604,8b8cf8982136e554,FULL_AVAILABLE,FULL_GROSS
3f15b0b307e4dec850d2,BTC,OKX_PERPETUAL,2024-09-17 10:00:00+00:00,2024-09-17 11:00:00+00:00,59235.9,2024-09-18 10:00:00+00:00,2024-09-18 11:00:00+00:00,59909.7,24,24.0,1.1374858827163858,0.0,0.0,0.0,1.1374858827163858,3.595961232968518,0.6210760704235125,28.18440759570993,8b8cf8982136e554,FULL_AVAILABLE,FULL_GROSS
8bd4d6490b18f22ba7f0,BTC,OKX_PERPETUAL,2024-12-01 21:00:00+00:00,2024-12-01 22:00:00+00:00,97805.4,2024-12-02 21:00:00+00:00,2024-12-02 22:00:00+00:00,95425.7,24,24.0,-2.433096741079733,0.0,0.0,0.0,-2.433096741079733,0.4544738838550837,3.490298081701008,29.131048126894285,8b8cf8982136e554,FULL_AVAILABLE,FULL_GROSS
8fd6b2b39c95683ada2c,BTC,OKX_PERPETUAL,2025-01-20 06:00:00+00:00,2025-01-20 07:00:00+00:00,107586.3,2025-01-21 06:00:00+00:00,2025-01-21 07:00:00+00:00,102176.6,24,24.0,-5.028242443508138,0.0,0.0,0.0,-5.028242443508138,1.9036810448913952,6.946330527213969,26.583308133935372,8b8cf8982136e554,FULL_AVAILABLE,FULL_GROSS
f88633b64d60400b8374,BTC,OKX_PERPETUAL,2025-03-25 19:00:00+00:00,2025-03-25 20:00:00+00:00,88116.1,2025-03-26 19:00:00+00:00,2025-03-26 20:00:00+00:00,86550.6,24,24.0,-1.7766333280751188,0.0,0.0,0.0,-1.7766333280751188,0.49809285703747,2.586133521569841,27.978586529367604,8b8cf8982136e554,FULL_AVAILABLE,FULL_GROSS
6b104e6f03a3ed1c6208,BTC,OKX_PERPETUAL,2025-05-18 22:00:00+00:00,2025-05-18 23:00:00+00:00,105913.6,2025-05-19 22:00:00+00:00,2025-05-19 23:00:00+00:00,105518.0,24,24.0,-0.37351199468246365,0.0,0.0,0.0,-0.37351199468246365,1.1666112756057685,3.671483171188597,26.417558377360407,8b8cf8982136e554,FULL_AVAILABLE,FULL_GROSS
8fe0bcd9df179f644ca5,BTC,OKX_PERPETUAL,2025-08-10 03:00:00+00:00,2025-08-10 04:00:00+00:00,118518.6,2025-08-11 03:00:00+00:00,2025-08-11 04:00:00+00:00,121706.0,24,24.0,2.6893669010602506,0.0,0.0,0.0,2.6893669010602506,3.079938507542266,0.9309087350002471,28.60589651549541,8b8cf8982136e554,FULL_AVAILABLE,FULL_GROSS
a82db53fd0ec92d096d4,BTC,OKX_PERPETUAL,2025-09-30 19:00:00+00:00,2025-09-30 20:00:00+00:00,114302.9,2025-10-01 19:00:00+00:00,2025-10-01 20:00:00+00:00,117382.4,24,24.0,2.694157366086075,0.0,0.0,0.0,2.694157366086075,3.391952435152569,0.5082110777591768,29.077485271744983,8b8cf8982136e554,FULL_AVAILABLE,FULL_GROSS
119510af2d77abd510fd,BTC,OKX_PERPETUAL,2026-04-13 14:00:00+00:00,2026-04-13 15:00:00+00:00,72347.0,2026-04-14 14:00:00+00:00,2026-04-14 15:00:00+00:00,74970.0,24,24.0,3.6255822632590156,0.0,0.0,0.0,3.6255822632590156,5.049276403997402,1.007367271621495,29.641903534928975,8b8cf8982136e554,FULL_AVAILABLE,FULL_GROSS
91a4b1589ebc3f17f4f5,BTC,OKX_PERPETUAL,2026-05-05 02:00:00+00:00,2026-05-05 03:00:00+00:00,80526.8,2026-05-06 02:00:00+00:00,2026-05-06 03:00:00+00:00,81327.9,24,24.0,0.9948240834107294,0.0,0.0,0.0,0.9948240834107294,1.5716506802704084,0.1481494359641795,25.39173327360431,8b8cf8982136e554,FULL_AVAILABLE,FULL_GROSS
915c93d124e177171a4b,BTC,OKX_PERPETUAL,2026-06-14 21:00:00+00:00,2026-06-14 22:00:00+00:00,65276.9,2026-06-15 21:00:00+00:00,2026-06-15 22:00:00+00:00,66341.1,24,24.0,1.6302857519275644,0.0,0.0,0.0,1.6302857519275644,3.07459453497331,0.5798375841990046,27.567680570535792,8b8cf8982136e554,FULL_AVAILABLE,FULL_GROSS
596d190d2a0aa95e39d7,BTC,OKX_PERPETUAL,2020-02-11 15:00:00+00:00,2020-02-11 16:00:00+00:00,10182.5,2020-02-12 15:00:00+00:00,2020-02-12 16:00:00+00:00,10322.1,24,24.0,1.3709796219003227,0.11,0.04,0.0,1.2209796219003226,3.107291922415906,0.0,36.11359369232106,8b8cf8982136e554,FULL_AVAILABLE,FULL_COST
5eadfe255d791073eccd,BTC,OKX_PERPETUAL,2020-04-01 22:00:00+00:00,2020-04-01 23:00:00+00:00,6518.0,2020-04-02 22:00:00+00:00,2020-04-02 23:00:00+00:00,6844.7,24,24.0,5.012273703590055,0.11,0.04,0.0,4.862273703590055,11.549555078244863,0.33752684872660327,30.048380413546855,8b8cf8982136e554,FULL_AVAILABLE,FULL_COST
605570afb43c065b7ad9,BTC,OKX_PERPETUAL,2021-01-03 05:00:00+00:00,2021-01-03 06:00:00+00:00,33795.0,2021-01-04 05:00:00+00:00,2021-01-04 06:00:00+00:00,32921.6,24,24.0,-2.5844059772155688,0.11,0.04,0.0,-2.7344059772155687,3.105488977659417,4.326083740198254,29.478851251970084,8b8cf8982136e554,FULL_AVAILABLE,FULL_COST
7e76f24a9010fdbde576,BTC,OKX_PERPETUAL,2021-02-11 13:00:00+00:00,2021-02-11 14:00:00+00:00,47638.5,2021-02-12 13:00:00+00:00,2021-02-12 14:00:00+00:00,47929.5,24,24.0,0.610850467583992,0.11,0.04,0.0,0.460850467583992,3.225752280193535,2.2492311890592696,25.348135872593577,8b8cf8982136e554,FULL_AVAILABLE,FULL_COST
c3b974e0068f1fcee6ca,BTC,OKX_PERPETUAL,2021-12-26 21:00:00+00:00,2021-12-26 22:00:00+00:00,50787.0,2021-12-27 21:00:00+00:00,2021-12-27 22:00:00+00:00,50966.4,24,24.0,0.3532400023628123,0.11,0.04,0.0,0.20324000236281228,2.584125858979663,0.6609959241538131,25.979451695815442,8b8cf8982136e554,FULL_AVAILABLE,FULL_COST
fadf7c0098affe2eb198,BTC,OKX_PERPETUAL,2022-06-07 19:00:00+00:00,2022-06-07 20:00:00+00:00,31065.0,2022-06-08 19:00:00+00:00,2022-06-08 20:00:00+00:00,30141.0,24,24.0,-2.9744084983099954,0.11,0.04,0.0,-3.1244084983099953,1.7115725092547909,3.9922742636407555,35.09471129975776,8b8cf8982136e554,FULL_AVAILABLE,FULL_COST
fb5311e1f3e08285c7bf,BTC,OKX_PERPETUAL,2022-08-10 12:00:00+00:00,2022-08-10 13:00:00+00:00,23983.2,2022-08-11 12:00:00+00:00,2022-08-11 13:00:00+00:00,24857.4,24,24.0,3.645051536075256,0.11,0.04,0.0,3.495051536075256,3.926915507521929,2.1273224590546747,35.087467894992564,8b8cf8982136e554,FULL_AVAILABLE,FULL_COST
4d4350f34782ff7f500e,BTC,OKX_PERPETUAL,2023-01-25 21:00:00+00:00,2023-01-25 22:00:00+00:00,23599.9,2023-01-26 21:00:00+00:00,2023-01-26 22:00:00+00:00,23083.3,24,24.0,-2.1889923262386795,0.11,0.04,0.0,-2.3389923262386794,0.987716049644272,3.3508616561934703,28.98850482251155,8b8cf8982136e554,FULL_AVAILABLE,FULL_COST
7b638a0c49a264836079,BTC,OKX_PERPETUAL,2023-02-17 19:00:00+00:00,2023-02-17 20:00:00+00:00,24526.5,2023-02-18 19:00:00+00:00,2023-02-18 20:00:00+00:00,24601.9,24,24.0,0.307422583735965,0.11,0.04,0.0,0.157422583735965,2.089576580433409,1.937496177603819,28.333729445386915,8b8cf8982136e554,FULL_AVAILABLE,FULL_COST
5eaa7eaa0d7999b30f6e,BTC,OKX_PERPETUAL,2023-03-26 13:00:00+00:00,2023-03-26 14:00:00+00:00,28154.1,2023-03-27 13:00:00+00:00,2023-03-27 14:00:00+00:00,27697.0,24,24.0,-1.6235645962754932,0.11,0.04,0.0,-1.7735645962754933,0.029480608508184993,1.9041631591846253,25.10980821236595,8b8cf8982136e554,FULL_AVAILABLE,FULL_COST
c8694e47ae93cd73501f,BTC,OKX_PERPETUAL,2023-08-14 04:00:00+00:00,2023-08-14 05:00:00+00:00,29412.9,2023-08-15 04:00:00+00:00,2023-08-15 05:00:00+00:00,29383.6,24,24.0,-0.09961615481643399,0.11,0.04,0.0,-0.24961615481643398,0.9676026505376842,0.5538386218292024,29.41198354040195,8b8cf8982136e554,FULL_AVAILABLE,FULL_COST
ca1c6b9e057f2c25f831,BTC,OKX_PERPETUAL,2023-09-15 22:00:00+00:00,2023-09-15 23:00:00+00:00,26776.9,2023-09-16 22:00:00+00:00,2023-09-16 23:00:00+00:00,26557.8,24,24.0,-0.8182425896948571,0.11,0.04,0.0,-0.9682425896948571,0.45599005112615176,1.2540660046532754,26.44522145677292,8b8cf8982136e554,FULL_AVAILABLE,FULL_COST
3dd9686e6237f7b13746,BTC,OKX_PERPETUAL,2023-10-29 12:00:00+00:00,2023-10-29 13:00:00+00:00,34430.0,2023-10-30 12:00:00+00:00,2023-10-30 13:00:00+00:00,34587.5,24,24.0,0.45744989834446703,0.11,0.04,0.0,0.30744989834446707,1.313389485913439,0.9541097879756026,25.48967635187319,8b8cf8982136e554,FULL_AVAILABLE,FULL_COST
b29df19f841540bcf372,BTC,OKX_PERPETUAL,2024-01-04 21:00:00+00:00,2024-01-04 22:00:00+00:00,44434.6,2024-01-05 21:00:00+00:00,2024-01-05 22:00:00+00:00,43953.5,24,24.0,-1.082714821332922,0.11,0.04,0.0,-1.2327148213329222,0.702830676994961,4.917789290327801,30.29748966466041,8b8cf8982136e554,FULL_AVAILABLE,FULL_COST
1c1fa9644bebc53429be,BTC,OKX_PERPETUAL,2024-02-26 15:00:00+00:00,2024-02-26 16:00:00+00:00,52849.1,2024-02-27 15:00:00+00:00,2024-02-27 16:00:00+00:00,56757.8,24,24.0,7.3959632235932204,0.11,0.04,0.0,7.24596322359322,9.067893303764876,0.16916087501963412,25.48596177201681,8b8cf8982136e554,FULL_AVAILABLE,FULL_COST
db6a4d14f69f53163624,BTC,OKX_PERPETUAL,2024-05-15 12:00:00+00:00,2024-05-15 13:00:00+00:00,63747.3,2024-05-16 12:00:00+00:00,2024-05-16 13:00:00+00:00,66002.4,24,24.0,3.5375615908438336,0.11,0.04,0.0,3.3875615908438337,4.787183143442933,0.34558326391863325,31.766873650203795,8b8cf8982136e554,FULL_AVAILABLE,FULL_COST
7f71f3dfb06ff2b39a59,BTC,OKX_PERPETUAL,2024-05-17 14:00:00+00:00,2024-05-17 15:00:00+00:00,66826.8,2024-05-18 14:00:00+00:00,2024-05-18 15:00:00+00:00,66792.4,24,24.0,-0.05147635379818984,0.11,0.04,0.0,-0.20147635379818984,0.9475240472385287,0.9138549204810001,39.665077246810604,8b8cf8982136e554,FULL_AVAILABLE,FULL_COST
3f15b0b307e4dec850d2,BTC,OKX_PERPETUAL,2024-09-17 10:00:00+00:00,2024-09-17 11:00:00+00:00,59235.9,2024-09-18 10:00:00+00:00,2024-09-18 11:00:00+00:00,59909.7,24,24.0,1.1374858827163858,0.11,0.04,0.0,0.9874858827163857,3.595961232968518,0.6210760704235125,28.18440759570993,8b8cf8982136e554,FULL_AVAILABLE,FULL_COST
8bd4d6490b18f22ba7f0,BTC,OKX_PERPETUAL,2024-12-01 21:00:00+00:00,2024-12-01 22:00:00+00:00,97805.4,2024-12-02 21:00:00+00:00,2024-12-02 22:00:00+00:00,95425.7,24,24.0,-2.433096741079733,0.11,0.04,0.0,-2.583096741079733,0.4544738838550837,3.490298081701008,29.131048126894285,8b8cf8982136e554,FULL_AVAILABLE,FULL_COST
8fd6b2b39c95683ada2c,BTC,OKX_PERPETUAL,2025-01-20 06:00:00+00:00,2025-01-20 07:00:00+00:00,107586.3,2025-01-21 06:00:00+00:00,2025-01-21 07:00:00+00:00,102176.6,24,24.0,-5.028242443508138,0.11,0.04,0.0,-5.178242443508139,1.9036810448913952,6.946330527213969,26.583308133935372,8b8cf8982136e554,FULL_AVAILABLE,FULL_COST
f88633b64d60400b8374,BTC,OKX_PERPETUAL,2025-03-25 19:00:00+00:00,2025-03-25 20:00:00+00:00,88116.1,2025-03-26 19:00:00+00:00,2025-03-26 20:00:00+00:00,86550.6,24,24.0,-1.7766333280751188,0.11,0.04,0.0,-1.926633328075119,0.49809285703747,2.586133521569841,27.978586529367604,8b8cf8982136e554,FULL_AVAILABLE,FULL_COST
6b104e6f03a3ed1c6208,BTC,OKX_PERPETUAL,2025-05-18 22:00:00+00:00,2025-05-18 23:00:00+00:00,105913.6,2025-05-19 22:00:00+00:00,2025-05-19 23:00:00+00:00,105518.0,24,24.0,-0.37351199468246365,0.11,0.04,0.0,-0.5235119946824637,1.1666112756057685,3.671483171188597,26.417558377360407,8b8cf8982136e554,FULL_AVAILABLE,FULL_COST
8fe0bcd9df179f644ca5,BTC,OKX_PERPETUAL,2025-08-10 03:00:00+00:00,2025-08-10 04:00:00+00:00,118518.6,2025-08-11 03:00:00+00:00,2025-08-11 04:00:00+00:00,121706.0,24,24.0,2.6893669010602506,0.11,0.04,0.0,2.5393669010602506,3.079938507542266,0.9309087350002471,28.60589651549541,8b8cf8982136e554,FULL_AVAILABLE,FULL_COST
a82db53fd0ec92d096d4,BTC,OKX_PERPETUAL,2025-09-30 19:00:00+00:00,2025-09-30 20:00:00+00:00,114302.9,2025-10-01 19:00:00+00:00,2025-10-01 20:00:00+00:00,117382.4,24,24.0,2.694157366086075,0.11,0.04,0.0,2.544157366086075,3.391952435152569,0.5082110777591768,29.077485271744983,8b8cf8982136e554,FULL_AVAILABLE,FULL_COST
119510af2d77abd510fd,BTC,OKX_PERPETUAL,2026-04-13 14:00:00+00:00,2026-04-13 15:00:00+00:00,72347.0,2026-04-14 14:00:00+00:00,2026-04-14 15:00:00+00:00,74970.0,24,24.0,3.6255822632590156,0.11,0.04,0.0,3.4755822632590156,5.049276403997402,1.007367271621495,29.641903534928975,8b8cf8982136e554,FULL_AVAILABLE,FULL_COST
91a4b1589ebc3f17f4f5,BTC,OKX_PERPETUAL,2026-05-05 02:00:00+00:00,2026-05-05 03:00:00+00:00,80526.8,2026-05-06 02:00:00+00:00,2026-05-06 03:00:00+00:00,81327.9,24,24.0,0.9948240834107294,0.11,0.04,0.0,0.8448240834107293,1.5716506802704084,0.1481494359641795,25.39173327360431,8b8cf8982136e554,FULL_AVAILABLE,FULL_COST
915c93d124e177171a4b,BTC,OKX_PERPETUAL,2026-06-14 21:00:00+00:00,2026-06-14 22:00:00+00:00,65276.9,2026-06-15 21:00:00+00:00,2026-06-15 22:00:00+00:00,66341.1,24,24.0,1.6302857519275644,0.11,0.04,0.0,1.4802857519275643,3.07459453497331,0.5798375841990046,27.567680570535792,8b8cf8982136e554,FULL_AVAILABLE,FULL_COST
7adcecd9eebd8e0824f2,ETH,BYBIT_PERPETUAL,2021-05-04 11:00:00+00:00,2021-05-04 12:00:00+00:00,3482.65,2021-05-05 11:00:00+00:00,2021-05-05 12:00:00+00:00,3356.4,24,24.0,-3.625113060456836,0.0,0.0,0.0,-3.625113060456836,1.2734555582674085,9.34776678678593,32.16602189245587,8b8cf8982136e554,FULL_AVAILABLE,FULL_GROSS
9d1621b7a313a325f5d5,ETH,BYBIT_PERPETUAL,2021-10-06 13:00:00+00:00,2021-10-06 14:00:00+00:00,3581.05,2021-10-07 13:00:00+00:00,2021-10-07 14:00:00+00:00,3635.0,24,24.0,1.5065413775289318,0.0,0.0,0.0,1.5065413775289318,1.8946956898116447,3.1359517459962913,26.22301500659581,8b8cf8982136e554,FULL_AVAILABLE,FULL_GROSS
32c46650f30ddb3ccd26,ETH,BYBIT_PERPETUAL,2021-10-20 12:00:00+00:00,2021-10-20 13:00:00+00:00,3938.25,2021-10-21 12:00:00+00:00,2021-10-21 13:00:00+00:00,4235.15,24,24.0,7.538881482892139,0.0,0.0,0.0,7.538881482892139,11.623182885799531,0.14600393575826826,25.394545721275602,8b8cf8982136e554,FULL_AVAILABLE,FULL_GROSS
e5ad10f33d606fbe2288,ETH,BYBIT_PERPETUAL,2022-02-16 19:00:00+00:00,2022-02-16 20:00:00+00:00,3166.9,2022-02-17 19:00:00+00:00,2022-02-17 20:00:00+00:00,2908.1,24,24.0,-8.17202942941047,0.0,0.0,0.0,-8.17202942941047,0.32523919290156705,9.117749218478638,26.22303660848123,8b8cf8982136e554,FULL_AVAILABLE,FULL_GROSS
89daab2c70b8e97c2e05,ETH,BYBIT_PERPETUAL,2022-07-16 15:00:00+00:00,2022-07-16 16:00:00+00:00,1273.7,2022-07-17 15:00:00+00:00,2022-07-17 16:00:00+00:00,1350.65,24,24.0,6.041454031561595,0.0,0.0,0.0,6.041454031561595,13.280207270157796,0.1845018450184609,27.889096862308637,8b8cf8982136e554,FULL_AVAILABLE,FULL_GROSS
b081d1c40e74904ae592,ETH,BYBIT_PERPETUAL,2022-08-10 12:00:00+00:00,2022-08-10 13:00:00+00:00,1822.55,2022-08-11 12:00:00+00:00,2022-08-11 13:00:00+00:00,1925.65,24,24.0,5.6569092754657015,0.0,0.0,0.0,5.6569092754657015,6.644536501056219,1.1028504019094076,34.03354152484255,8b8cf8982136e554,FULL_AVAILABLE,FULL_GROSS
315852d6f84bb6b42f03,ETH,BYBIT_PERPETUAL,2023-03-21 12:00:00+00:00,2023-03-21 13:00:00+00:00,1804.6,2023-03-22 12:00:00+00:00,2023-03-22 13:00:00+00:00,1794.6,24,24.0,-0.554139421478444,0.0,0.0,0.0,-0.554139421478444,1.7954117255901636,1.734456389227527,26.929726116543584,8b8cf8982136e554,FULL_AVAILABLE,FULL_GROSS
9b3ddd99dc4d4b7808fd,ETH,BYBIT_PERPETUAL,2023-03-26 08:00:00+00:00,2023-03-26 09:00:00+00:00,1773.77,2023-03-27 08:00:00+00:00,2023-03-27 09:00:00+00:00,1755.25,24,24.0,-1.0441038015075226,0.0,0.0,0.0,-1.0441038015075226,1.4798987467371758,1.6129486912057314,28.32862713235809,8b8cf8982136e554,FULL_AVAILABLE,FULL_GROSS
a71e93c4eba0c17603a1,ETH,BYBIT_PERPETUAL,2023-05-05 11:00:00+00:00,2023-05-05 12:00:00+00:00,1910.56,2023-05-06 11:00:00+00:00,2023-05-06 12:00:00+00:00,1933.79,24,24.0,1.2158738799095563,0.0,0.0,0.0,1.2158738799095563,5.725023029897,1.2854869776400608,28.752632468860664,8b8cf8982136e554,FULL_AVAILABLE,FULL_GROSS
40fc808ac119acee6afa,ETH,BYBIT_PERPETUAL,2023-06-29 10:00:00+00:00,2023-06-29 11:00:00+00:00,1867.65,2023-06-30 10:00:00+00:00,2023-06-30 11:00:00+00:00,1891.35,24,24.0,1.2689743795678963,0.0,0.0,0.0,1.2689743795678963,2.1604690386314305,1.47993467726823,26.859789319661076,8b8cf8982136e554,FULL_AVAILABLE,FULL_GROSS
5361999355f8a218f279,ETH,BYBIT_PERPETUAL,2023-06-30 17:00:00+00:00,2023-06-30 18:00:00+00:00,1931.2,2023-07-01 17:00:00+00:00,2023-07-01 18:00:00+00:00,1917.81,24,24.0,-0.6933512841756473,0.0,0.0,0.0,-0.6933512841756473,0.6923156586578236,1.1666321458160716,27.841415803736215,8b8cf8982136e554,FULL_AVAILABLE,FULL_GROSS
64df307166a0be5a40f7,ETH,BYBIT_PERPETUAL,2024-11-13 14:00:00+00:00,2024-11-13 15:00:00+00:00,3323.25,2024-11-14 14:00:00+00:00,2024-11-14 15:00:00+00:00,3110.22,24,24.0,-6.410291130670284,0.0,0.0,0.0,-6.410291130670284,0.36560595802302237,6.466260437824416,25.552026679378272,8b8cf8982136e554,FULL_AVAILABLE,FULL_GROSS
b5f3bc2bd46b2847cf66,ETH,BYBIT_PERPETUAL,2024-11-27 10:00:00+00:00,2024-11-27 11:00:00+00:00,3458.19,2024-11-28 10:00:00+00:00,2024-11-28 11:00:00+00:00,3606.01,24,24.0,4.274490412614696,0.0,0.0,0.0,4.274490412614696,6.69714503830038,0.5922173159947839,29.309032261053538,8b8cf8982136e554,FULL_AVAILABLE,FULL_GROSS
146bb3440562b00b5497,ETH,BYBIT_PERPETUAL,2025-08-26 19:00:00+00:00,2025-08-26 20:00:00+00:00,4594.0,2025-08-27 19:00:00+00:00,2025-08-27 20:00:00+00:00,4562.4,24,24.0,-0.6878537222464163,0.0,0.0,0.0,-0.6878537222464163,1.5019590770570308,1.3783195472355183,27.99845225710307,8b8cf8982136e554,FULL_AVAILABLE,FULL_GROSS
50a34d982062469c2afd,ETH,BYBIT_PERPETUAL,2026-01-13 15:00:00+00:00,2026-01-13 16:00:00+00:00,3183.07,2026-01-14 15:00:00+00:00,2026-01-14 16:00:00+00:00,3344.41,24,24.0,5.068691546211666,0.0,0.0,0.0,5.068691546211666,6.281043143883101,0.42191971901341446,26.086375564917642,8b8cf8982136e554,FULL_AVAILABLE,FULL_GROSS
01041356d7ae887ea2c8,ETH,BYBIT_PERPETUAL,2026-03-15 08:00:00+00:00,2026-03-15 09:00:00+00:00,2112.02,2026-03-16 08:00:00+00:00,2026-03-16 09:00:00+00:00,2242.63,24,24.0,6.184127044251481,0.0,0.0,0.0,6.184127044251481,8.357401918542449,1.2641925739339503,26.264209435529466,8b8cf8982136e554,FULL_AVAILABLE,FULL_GROSS
7adcecd9eebd8e0824f2,ETH,BYBIT_PERPETUAL,2021-05-04 11:00:00+00:00,2021-05-04 12:00:00+00:00,3482.65,2021-05-05 11:00:00+00:00,2021-05-05 12:00:00+00:00,3356.4,24,24.0,-3.625113060456836,0.11,0.04,0.0,-3.7751130604568357,1.2734555582674085,9.34776678678593,32.16602189245587,8b8cf8982136e554,FULL_AVAILABLE,FULL_COST
9d1621b7a313a325f5d5,ETH,BYBIT_PERPETUAL,2021-10-06 13:00:00+00:00,2021-10-06 14:00:00+00:00,3581.05,2021-10-07 13:00:00+00:00,2021-10-07 14:00:00+00:00,3635.0,24,24.0,1.5065413775289318,0.11,0.04,0.0,1.3565413775289317,1.8946956898116447,3.1359517459962913,26.22301500659581,8b8cf8982136e554,FULL_AVAILABLE,FULL_COST
32c46650f30ddb3ccd26,ETH,BYBIT_PERPETUAL,2021-10-20 12:00:00+00:00,2021-10-20 13:00:00+00:00,3938.25,2021-10-21 12:00:00+00:00,2021-10-21 13:00:00+00:00,4235.15,24,24.0,7.538881482892139,0.11,0.04,0.0,7.388881482892138,11.623182885799531,0.14600393575826826,25.394545721275602,8b8cf8982136e554,FULL_AVAILABLE,FULL_COST
e5ad10f33d606fbe2288,ETH,BYBIT_PERPETUAL,2022-02-16 19:00:00+00:00,2022-02-16 20:00:00+00:00,3166.9,2022-02-17 19:00:00+00:00,2022-02-17 20:00:00+00:00,2908.1,24,24.0,-8.17202942941047,0.11,0.04,0.0,-8.322029429410469,0.32523919290156705,9.117749218478638,26.22303660848123,8b8cf8982136e554,FULL_AVAILABLE,FULL_COST
89daab2c70b8e97c2e05,ETH,BYBIT_PERPETUAL,2022-07-16 15:00:00+00:00,2022-07-16 16:00:00+00:00,1273.7,2022-07-17 15:00:00+00:00,2022-07-17 16:00:00+00:00,1350.65,24,24.0,6.041454031561595,0.11,0.04,0.0,5.891454031561595,13.280207270157796,0.1845018450184609,27.889096862308637,8b8cf8982136e554,FULL_AVAILABLE,FULL_COST
b081d1c40e74904ae592,ETH,BYBIT_PERPETUAL,2022-08-10 12:00:00+00:00,2022-08-10 13:00:00+00:00,1822.55,2022-08-11 12:00:00+00:00,2022-08-11 13:00:00+00:00,1925.65,24,24.0,5.6569092754657015,0.11,0.04,0.0,5.506909275465701,6.644536501056219,1.1028504019094076,34.03354152484255,8b8cf8982136e554,FULL_AVAILABLE,FULL_COST
315852d6f84bb6b42f03,ETH,BYBIT_PERPETUAL,2023-03-21 12:00:00+00:00,2023-03-21 13:00:00+00:00,1804.6,2023-03-22 12:00:00+00:00,2023-03-22 13:00:00+00:00,1794.6,24,24.0,-0.554139421478444,0.11,0.04,0.0,-0.704139421478444,1.7954117255901636,1.734456389227527,26.929726116543584,8b8cf8982136e554,FULL_AVAILABLE,FULL_COST
9b3ddd99dc4d4b7808fd,ETH,BYBIT_PERPETUAL,2023-03-26 08:00:00+00:00,2023-03-26 09:00:00+00:00,1773.77,2023-03-27 08:00:00+00:00,2023-03-27 09:00:00+00:00,1755.25,24,24.0,-1.0441038015075226,0.11,0.04,0.0,-1.1941038015075227,1.4798987467371758,1.6129486912057314,28.32862713235809,8b8cf8982136e554,FULL_AVAILABLE,FULL_COST
a71e93c4eba0c17603a1,ETH,BYBIT_PERPETUAL,2023-05-05 11:00:00+00:00,2023-05-05 12:00:00+00:00,1910.56,2023-05-06 11:00:00+00:00,2023-05-06 12:00:00+00:00,1933.79,24,24.0,1.2158738799095563,0.11,0.04,0.0,1.0658738799095562,5.725023029897,1.2854869776400608,28.752632468860664,8b8cf8982136e554,FULL_AVAILABLE,FULL_COST
40fc808ac119acee6afa,ETH,BYBIT_PERPETUAL,2023-06-29 10:00:00+00:00,2023-06-29 11:00:00+00:00,1867.65,2023-06-30 10:00:00+00:00,2023-06-30 11:00:00+00:00,1891.35,24,24.0,1.2689743795678963,0.11,0.04,0.0,1.1189743795678961,2.1604690386314305,1.47993467726823,26.859789319661076,8b8cf8982136e554,FULL_AVAILABLE,FULL_COST
5361999355f8a218f279,ETH,BYBIT_PERPETUAL,2023-06-30 17:00:00+00:00,2023-06-30 18:00:00+00:00,1931.2,2023-07-01 17:00:00+00:00,2023-07-01 18:00:00+00:00,1917.81,24,24.0,-0.6933512841756473,0.11,0.04,0.0,-0.8433512841756473,0.6923156586578236,1.1666321458160716,27.841415803736215,8b8cf8982136e554,FULL_AVAILABLE,FULL_COST
64df307166a0be5a40f7,ETH,BYBIT_PERPETUAL,2024-11-13 14:00:00+00:00,2024-11-13 15:00:00+00:00,3323.25,2024-11-14 14:00:00+00:00,2024-11-14 15:00:00+00:00,3110.22,24,24.0,-6.410291130670284,0.11,0.04,0.0,-6.560291130670285,0.36560595802302237,6.466260437824416,25.552026679378272,8b8cf8982136e554,FULL_AVAILABLE,FULL_COST
b5f3bc2bd46b2847cf66,ETH,BYBIT_PERPETUAL,2024-11-27 10:00:00+00:00,2024-11-27 11:00:00+00:00,3458.19,2024-11-28 10:00:00+00:00,2024-11-28 11:00:00+00:00,3606.01,24,24.0,4.274490412614696,0.11,0.04,0.0,4.124490412614696,6.69714503830038,0.5922173159947839,29.309032261053538,8b8cf8982136e554,FULL_AVAILABLE,FULL_COST
146bb3440562b00b5497,ETH,BYBIT_PERPETUAL,2025-08-26 19:00:00+00:00,2025-08-26 20:00:00+00:00,4594.0,2025-08-27 19:00:00+00:00,2025-08-27 20:00:00+00:00,4562.4,24,24.0,-0.6878537222464163,0.11,0.04,0.0,-0.8378537222464163,1.5019590770570308,1.3783195472355183,27.99845225710307,8b8cf8982136e554,FULL_AVAILABLE,FULL_COST
50a34d982062469c2afd,ETH,BYBIT_PERPETUAL,2026-01-13 15:00:00+00:00,2026-01-13 16:00:00+00:00,3183.07,2026-01-14 15:00:00+00:00,2026-01-14 16:00:00+00:00,3344.41,24,24.0,5.068691546211666,0.11,0.04,0.0,4.918691546211666,6.281043143883101,0.42191971901341446,26.086375564917642,8b8cf8982136e554,FULL_AVAILABLE,FULL_COST
01041356d7ae887ea2c8,ETH,BYBIT_PERPETUAL,2026-03-15 08:00:00+00:00,2026-03-15 09:00:00+00:00,2112.02,2026-03-16 08:00:00+00:00,2026-03-16 09:00:00+00:00,2242.63,24,24.0,6.184127044251481,0.11,0.04,0.0,6.0341270442514805,8.357401918542449,1.2641925739339503,26.264209435529466,8b8cf8982136e554,FULL_AVAILABLE,FULL_COST
5d57919faf9cb576b28e,SOL,BYBIT_PERPETUAL,2021-10-31 15:00:00+00:00,2021-10-31 16:00:00+00:00,195.06,2021-11-01 15:00:00+00:00,2021-11-01 16:00:00+00:00,204.09,24,24.0,4.629344816979391,0.0,0.0,0.0,4.629344816979391,8.48713216446222,0.9279196144775977,28.867850518427893,8b8cf8982136e554,FULL_AVAILABLE,FULL_GROSS
0b75e5be52378d1ec56e,SOL,BYBIT_PERPETUAL,2022-03-29 12:00:00+00:00,2022-03-29 13:00:00+00:00,114.705,2022-03-30 12:00:00+00:00,2022-03-30 13:00:00+00:00,114.965,24,24.0,0.22666841026982706,0.0,0.0,0.0,0.22666841026982706,0.7541083649361361,6.708513142408782,26.32372868116753,8b8cf8982136e554,FULL_AVAILABLE,FULL_GROSS
236d9e40187b19be41e1,SOL,BYBIT_PERPETUAL,2022-07-08 18:00:00+00:00,2022-07-08 19:00:00+00:00,38.87,2022-07-09 18:00:00+00:00,2022-07-09 19:00:00+00:00,38.6,24,24.0,-0.6946231026498483,0.0,0.0,0.0,-0.6946231026498483,1.1705685618729236,2.9071263184975447,25.19979651419861,8b8cf8982136e554,FULL_AVAILABLE,FULL_GROSS
6e47d4ea1262e59cbf48,SOL,BYBIT_PERPETUAL,2022-07-18 04:00:00+00:00,2022-07-18 05:00:00+00:00,40.885,2022-07-19 04:00:00+00:00,2022-07-19 05:00:00+00:00,43.275,24,24.0,5.845664669194083,0.0,0.0,0.0,5.845664669194083,12.975418857771798,3.069585422526588,31.22547095551874,8b8cf8982136e554,FULL_AVAILABLE,FULL_GROSS
4a1b150f9a68bc8ba1bb,SOL,BYBIT_PERPETUAL,2022-10-06 01:00:00+00:00,2022-10-06 02:00:00+00:00,34.435,2022-10-07 01:00:00+00:00,2022-10-07 02:00:00+00:00,33.445,24,24.0,-2.8749818498620643,0.0,0.0,0.0,-2.8749818498620643,0.11616088282270698,3.557427036445481,26.61001911536766,8b8cf8982136e554,FULL_AVAILABLE,FULL_GROSS
50ef98e99542ffe413cf,SOL,BYBIT_PERPETUAL,2023-07-15 10:00:00+00:00,2023-07-15 11:00:00+00:00,28.882,2023-07-16 10:00:00+00:00,2023-07-16 11:00:00+00:00,27.792,24,24.0,-3.7739768714077964,0.0,0.0,0.0,-3.7739768714077964,0.7547953742815593,8.777092999099786,31.20183483901027,8b8cf8982136e554,FULL_AVAILABLE,FULL_GROSS
babe220cbb2cbebe81a7,SOL,BYBIT_PERPETUAL,2023-09-16 02:00:00+00:00,2023-09-16 03:00:00+00:00,19.208,2023-09-17 02:00:00+00:00,2023-09-17 03:00:00+00:00,18.972,24,24.0,-1.2286547271969863,0.0,0.0,0.0,-1.2286547271969863,1.0516451478550695,2.5874635568513114,27.356500624717157,8b8cf8982136e554,FULL_AVAILABLE,FULL_GROSS
3d95fe3c91ae65980e64,SOL,BYBIT_PERPETUAL,2023-12-06 00:00:00+00:00,2023-12-06 01:00:00+00:00,63.247,2023-12-07 00:00:00+00:00,2023-12-07 01:00:00+00:00,63.102,24,24.0,-0.22925988584439283,0.0,0.0,0.0,-0.22925988584439283,5.576549085332112,3.144813192720599,27.438337088914857,8b8cf8982136e554,FULL_AVAILABLE,FULL_GROSS
050cfc5c6092938a22fe,SOL,BYBIT_PERPETUAL,2025-04-14 04:00:00+00:00,2025-04-14 05:00:00+00:00,133.58,2025-04-15 04:00:00+00:00,2025-04-15 05:00:00+00:00,130.76,24,24.0,-2.1110944752208574,0.0,0.0,0.0,-2.1110944752208574,0.8908519239407079,4.461745770324904,26.4231685648842,8b8cf8982136e554,FULL_AVAILABLE,FULL_GROSS
d78f0ea83245226bfb18,SOL,BYBIT_PERPETUAL,2025-04-21 00:00:00+00:00,2025-04-21 01:00:00+00:00,141.12,2025-04-22 00:00:00+00:00,2025-04-22 01:00:00+00:00,137.14,24,24.0,-2.8202947845805117,0.0,0.0,0.0,-2.8202947845805117,0.7227891156462456,5.2295918367346905,27.082177372344884,8b8cf8982136e554,FULL_AVAILABLE,FULL_GROSS
594e9a2abf8004248e93,SOL,BYBIT_PERPETUAL,2025-08-26 19:00:00+00:00,2025-08-26 20:00:00+00:00,197.33,2025-08-27 19:00:00+00:00,2025-08-27 20:00:00+00:00,206.34,24,24.0,4.565955506005164,0.0,0.0,0.0,4.565955506005164,7.479856078649973,1.8243551411341523,26.30908708261191,8b8cf8982136e554,FULL_AVAILABLE,FULL_GROSS
b933bbabf18881f14fdd,SOL,BYBIT_PERPETUAL,2026-01-13 15:00:00+00:00,2026-01-13 16:00:00+00:00,143.44,2026-01-14 15:00:00+00:00,2026-01-14 16:00:00+00:00,146.99,24,24.0,2.4749023982152893,0.0,0.0,0.0,2.4749023982152893,3.841327384272163,0.7459564974902351,25.663800610736203,8b8cf8982136e554,FULL_AVAILABLE,FULL_GROSS
f8c5fefd9dedd1e6deb2,SOL,BYBIT_PERPETUAL,2026-06-14 21:00:00+00:00,2026-06-14 22:00:00+00:00,70.12,2026-06-15 21:00:00+00:00,2026-06-15 22:00:00+00:00,74.41,24,24.0,6.118083285795767,0.0,0.0,0.0,6.118083285795767,8.471192241871075,0.7130633200228179,27.896156127439482,8b8cf8982136e554,FULL_AVAILABLE,FULL_GROSS
5d57919faf9cb576b28e,SOL,BYBIT_PERPETUAL,2021-10-31 15:00:00+00:00,2021-10-31 16:00:00+00:00,195.06,2021-11-01 15:00:00+00:00,2021-11-01 16:00:00+00:00,204.09,24,24.0,4.629344816979391,0.11,0.04,0.0,4.479344816979391,8.48713216446222,0.9279196144775977,28.867850518427893,8b8cf8982136e554,FULL_AVAILABLE,FULL_COST
0b75e5be52378d1ec56e,SOL,BYBIT_PERPETUAL,2022-03-29 12:00:00+00:00,2022-03-29 13:00:00+00:00,114.705,2022-03-30 12:00:00+00:00,2022-03-30 13:00:00+00:00,114.965,24,24.0,0.22666841026982706,0.11,0.04,0.0,0.07666841026982707,0.7541083649361361,6.708513142408782,26.32372868116753,8b8cf8982136e554,FULL_AVAILABLE,FULL_COST
236d9e40187b19be41e1,SOL,BYBIT_PERPETUAL,2022-07-08 18:00:00+00:00,2022-07-08 19:00:00+00:00,38.87,2022-07-09 18:00:00+00:00,2022-07-09 19:00:00+00:00,38.6,24,24.0,-0.6946231026498483,0.11,0.04,0.0,-0.8446231026498483,1.1705685618729236,2.9071263184975447,25.19979651419861,8b8cf8982136e554,FULL_AVAILABLE,FULL_COST
6e47d4ea1262e59cbf48,SOL,BYBIT_PERPETUAL,2022-07-18 04:00:00+00:00,2022-07-18 05:00:00+00:00,40.885,2022-07-19 04:00:00+00:00,2022-07-19 05:00:00+00:00,43.275,24,24.0,5.845664669194083,0.11,0.04,0.0,5.695664669194082,12.975418857771798,3.069585422526588,31.22547095551874,8b8cf8982136e554,FULL_AVAILABLE,FULL_COST
4a1b150f9a68bc8ba1bb,SOL,BYBIT_PERPETUAL,2022-10-06 01:00:00+00:00,2022-10-06 02:00:00+00:00,34.435,2022-10-07 01:00:00+00:00,2022-10-07 02:00:00+00:00,33.445,24,24.0,-2.8749818498620643,0.11,0.04,0.0,-3.024981849862064,0.11616088282270698,3.557427036445481,26.61001911536766,8b8cf8982136e554,FULL_AVAILABLE,FULL_COST
50ef98e99542ffe413cf,SOL,BYBIT_PERPETUAL,2023-07-15 10:00:00+00:00,2023-07-15 11:00:00+00:00,28.882,2023-07-16 10:00:00+00:00,2023-07-16 11:00:00+00:00,27.792,24,24.0,-3.7739768714077964,0.11,0.04,0.0,-3.9239768714077963,0.7547953742815593,8.777092999099786,31.20183483901027,8b8cf8982136e554,FULL_AVAILABLE,FULL_COST
babe220cbb2cbebe81a7,SOL,BYBIT_PERPETUAL,2023-09-16 02:00:00+00:00,2023-09-16 03:00:00+00:00,19.208,2023-09-17 02:00:00+00:00,2023-09-17 03:00:00+00:00,18.972,24,24.0,-1.2286547271969863,0.11,0.04,0.0,-1.3786547271969865,1.0516451478550695,2.5874635568513114,27.356500624717157,8b8cf8982136e554,FULL_AVAILABLE,FULL_COST
3d95fe3c91ae65980e64,SOL,BYBIT_PERPETUAL,2023-12-06 00:00:00+00:00,2023-12-06 01:00:00+00:00,63.247,2023-12-07 00:00:00+00:00,2023-12-07 01:00:00+00:00,63.102,24,24.0,-0.22925988584439283,0.11,0.04,0.0,-0.3792598858443928,5.576549085332112,3.144813192720599,27.438337088914857,8b8cf8982136e554,FULL_AVAILABLE,FULL_COST
050cfc5c6092938a22fe,SOL,BYBIT_PERPETUAL,2025-04-14 04:00:00+00:00,2025-04-14 05:00:00+00:00,133.58,2025-04-15 04:00:00+00:00,2025-04-15 05:00:00+00:00,130.76,24,24.0,-2.1110944752208574,0.11,0.04,0.0,-2.2610944752208573,0.8908519239407079,4.461745770324904,26.4231685648842,8b8cf8982136e554,FULL_AVAILABLE,FULL_COST
d78f0ea83245226bfb18,SOL,BYBIT_PERPETUAL,2025-04-21 00:00:00+00:00,2025-04-21 01:00:00+00:00,141.12,2025-04-22 00:00:00+00:00,2025-04-22 01:00:00+00:00,137.14,24,24.0,-2.8202947845805117,0.11,0.04,0.0,-2.9702947845805117,0.7227891156462456,5.2295918367346905,27.082177372344884,8b8cf8982136e554,FULL_AVAILABLE,FULL_COST
594e9a2abf8004248e93,SOL,BYBIT_PERPETUAL,2025-08-26 19:00:00+00:00,2025-08-26 20:00:00+00:00,197.33,2025-08-27 19:00:00+00:00,2025-08-27 20:00:00+00:00,206.34,24,24.0,4.565955506005164,0.11,0.04,0.0,4.415955506005163,7.479856078649973,1.8243551411341523,26.30908708261191,8b8cf8982136e554,FULL_AVAILABLE,FULL_COST
b933bbabf18881f14fdd,SOL,BYBIT_PERPETUAL,2026-01-13 15:00:00+00:00,2026-01-13 16:00:00+00:00,143.44,2026-01-14 15:00:00+00:00,2026-01-14 16:00:00+00:00,146.99,24,24.0,2.4749023982152893,0.11,0.04,0.0,2.3249023982152894,3.841327384272163,0.7459564974902351,25.663800610736203,8b8cf8982136e554,FULL_AVAILABLE,FULL_COST
f8c5fefd9dedd1e6deb2,SOL,BYBIT_PERPETUAL,2026-06-14 21:00:00+00:00,2026-06-14 22:00:00+00:00,70.12,2026-06-15 21:00:00+00:00,2026-06-15 22:00:00+00:00,74.41,24,24.0,6.118083285795767,0.11,0.04,0.0,5.968083285795767,8.471192241871075,0.7130633200228179,27.896156127439482,8b8cf8982136e554,FULL_AVAILABLE,FULL_COST
f727efc8b8d71b952e06,XRP,BYBIT_PERPETUAL,2021-07-23 23:00:00+00:00,2021-07-24 00:00:00+00:00,0.6092,2021-07-24 23:00:00+00:00,2021-07-25 00:00:00+00:00,0.6083,24,24.0,-0.14773473407748064,0.0,0.0,0.0,-0.14773473407748064,2.216021011162191,1.4937623112278393,25.66036112052911,8b8cf8982136e554,FULL_AVAILABLE,FULL_GROSS
15f48fb91a2e59f24bb8,XRP,BYBIT_PERPETUAL,2021-11-10 13:00:00+00:00,2021-11-10 14:00:00+00:00,1.314,2021-11-11 13:00:00+00:00,2021-11-11 14:00:00+00:00,1.2094,24,24.0,-7.960426179604263,0.0,0.0,0.0,-7.960426179604263,2.88432267884323,16.248097412480973,28.174853897818615,8b8cf8982136e554,FULL_AVAILABLE,FULL_GROSS
340b2d12f4a110aca3a3,XRP,BYBIT_PERPETUAL,2021-12-21 05:00:00+00:00,2021-12-21 06:00:00+00:00,0.8931,2021-12-22 05:00:00+00:00,2021-12-22 06:00:00+00:00,0.9571,24,24.0,7.166050834173099,0.0,0.0,0.0,7.166050834173099,8.935169633859589,1.6235583921173393,27.916272171451496,8b8cf8982136e554,FULL_AVAILABLE,FULL_GROSS
77d20e5cad1f8b4dacf6,XRP,BYBIT_PERPETUAL,2022-02-09 01:00:00+00:00,2022-02-09 02:00:00+00:00,0.8863,2022-02-10 01:00:00+00:00,2022-02-10 02:00:00+00:00,0.873,24,24.0,-1.5006205573733475,0.0,0.0,0.0,-1.5006205573733475,3.531535597427507,4.8629132347963475,41.11771547176061,8b8cf8982136e554,FULL_AVAILABLE,FULL_GROSS
a9a5e81e62400e6e17a0,XRP,BYBIT_PERPETUAL,2022-08-13 02:00:00+00:00,2022-08-13 03:00:00+00:00,0.3811,2022-08-14 02:00:00+00:00,2022-08-14 03:00:00+00:00,0.3834,24,24.0,0.6035161374967264,0.0,0.0,0.0,0.6035161374967264,1.6531094200997187,1.2857517711886683,25.681173121860933,8b8cf8982136e554,FULL_AVAILABLE,FULL_GROSS
87db296b96356eac5917,XRP,BYBIT_PERPETUAL,2022-09-23 22:00:00+00:00,2022-09-23 23:00:00+00:00,0.5266,2022-09-24 22:00:00+00:00,2022-09-24 23:00:00+00:00,0.4867,24,24.0,-7.576908469426498,0.0,0.0,0.0,-7.576908469426498,0.07595898214965192,10.482339536650203,30.114657833057883,8b8cf8982136e554,FULL_AVAILABLE,FULL_GROSS
d34f362ab22f2741b17b,XRP,BYBIT_PERPETUAL,2023-01-16 03:00:00+00:00,2023-01-16 04:00:00+00:00,0.4054,2023-01-17 03:00:00+00:00,2023-01-17 04:00:00+00:00,0.3835,24,24.0,-5.402072027627029,0.0,0.0,0.0,-5.402072027627029,0.22200296003947015,7.005426739023182,29.4462058006826,8b8cf8982136e554,FULL_AVAILABLE,FULL_GROSS
dbf8bfe2ec1ec5f3978b,XRP,BYBIT_PERPETUAL,2023-07-13 15:00:00+00:00,2023-07-13 16:00:00+00:00,0.5912,2023-07-14 15:00:00+00:00,2023-07-14 16:00:00+00:00,0.7788,24,24.0,31.73207036535861,0.0,0.0,0.0,31.73207036535861,60.69012178619757,1.2686062246278673,28.63115188285033,8b8cf8982136e554,FULL_AVAILABLE,FULL_GROSS
07e0d8d929f22c72b803,XRP,BYBIT_PERPETUAL,2023-07-18 23:00:00+00:00,2023-07-19 00:00:00+00:00,0.7775,2023-07-19 23:00:00+00:00,2023-07-20 00:00:00+00:00,0.8195,24,24.0,5.401929260450166,0.0,0.0,0.0,5.401929260450166,9.839228295819938,1.2218649517684828,29.18678008270511,8b8cf8982136e554,FULL_AVAILABLE,FULL_GROSS
f4916df6563ec9f364d2,XRP,BYBIT_PERPETUAL,2023-10-03 22:00:00+00:00,2023-10-03 23:00:00+00:00,0.5278,2023-10-04 22:00:00+00:00,2023-10-04 23:00:00+00:00,0.5331,24,24.0,1.0041682455475505,0.0,0.0,0.0,1.0041682455475505,3.80826070481243,1.7999242137173292,29.524737287299267,8b8cf8982136e554,FULL_AVAILABLE,FULL_GROSS
f0da44da2550b30d6a75,XRP,BYBIT_PERPETUAL,2023-11-13 20:00:00+00:00,2023-11-13 21:00:00+00:00,0.7126,2023-11-14 20:00:00+00:00,2023-11-14 21:00:00+00:00,0.625,24,24.0,-12.29301150715689,0.0,0.0,0.0,-12.29301150715689,5.950042099354476,18.31321919730565,37.54356458288414,8b8cf8982136e554,FULL_AVAILABLE,FULL_GROSS
67e1dd154a594687a05d,XRP,BYBIT_PERPETUAL,2024-11-18 05:00:00+00:00,2024-11-18 06:00:00+00:00,1.1614,2024-11-19 05:00:00+00:00,2024-11-19 06:00:00+00:00,1.1113,24,24.0,-4.313759256070263,0.0,0.0,0.0,-4.313759256070263,2.290339245737899,7.3962459101084965,27.535366607836377,8b8cf8982136e554,FULL_AVAILABLE,FULL_GROSS
2b1c844499e24c366e1f,XRP,BYBIT_PERPETUAL,2025-11-13 03:00:00+00:00,2025-11-13 04:00:00+00:00,2.4825,2025-11-14 03:00:00+00:00,2025-11-14 04:00:00+00:00,2.3141,24,24.0,-6.7834843907351505,0.0,0.0,0.0,-6.7834843907351505,1.7804632426988931,8.358509566968783,27.863907888869555,8b8cf8982136e554,FULL_AVAILABLE,FULL_GROSS
f727efc8b8d71b952e06,XRP,BYBIT_PERPETUAL,2021-07-23 23:00:00+00:00,2021-07-24 00:00:00+00:00,0.6092,2021-07-24 23:00:00+00:00,2021-07-25 00:00:00+00:00,0.6083,24,24.0,-0.14773473407748064,0.11,0.04,0.0,-0.29773473407748063,2.216021011162191,1.4937623112278393,25.66036112052911,8b8cf8982136e554,FULL_AVAILABLE,FULL_COST
15f48fb91a2e59f24bb8,XRP,BYBIT_PERPETUAL,2021-11-10 13:00:00+00:00,2021-11-10 14:00:00+00:00,1.314,2021-11-11 13:00:00+00:00,2021-11-11 14:00:00+00:00,1.2094,24,24.0,-7.960426179604263,0.11,0.04,0.0,-8.110426179604262,2.88432267884323,16.248097412480973,28.174853897818615,8b8cf8982136e554,FULL_AVAILABLE,FULL_COST
340b2d12f4a110aca3a3,XRP,BYBIT_PERPETUAL,2021-12-21 05:00:00+00:00,2021-12-21 06:00:00+00:00,0.8931,2021-12-22 05:00:00+00:00,2021-12-22 06:00:00+00:00,0.9571,24,24.0,7.166050834173099,0.11,0.04,0.0,7.0160508341730985,8.935169633859589,1.6235583921173393,27.916272171451496,8b8cf8982136e554,FULL_AVAILABLE,FULL_COST
77d20e5cad1f8b4dacf6,XRP,BYBIT_PERPETUAL,2022-02-09 01:00:00+00:00,2022-02-09 02:00:00+00:00,0.8863,2022-02-10 01:00:00+00:00,2022-02-10 02:00:00+00:00,0.873,24,24.0,-1.5006205573733475,0.11,0.04,0.0,-1.6506205573733477,3.531535597427507,4.8629132347963475,41.11771547176061,8b8cf8982136e554,FULL_AVAILABLE,FULL_COST
a9a5e81e62400e6e17a0,XRP,BYBIT_PERPETUAL,2022-08-13 02:00:00+00:00,2022-08-13 03:00:00+00:00,0.3811,2022-08-14 02:00:00+00:00,2022-08-14 03:00:00+00:00,0.3834,24,24.0,0.6035161374967264,0.11,0.04,0.0,0.4535161374967264,1.6531094200997187,1.2857517711886683,25.681173121860933,8b8cf8982136e554,FULL_AVAILABLE,FULL_COST
87db296b96356eac5917,XRP,BYBIT_PERPETUAL,2022-09-23 22:00:00+00:00,2022-09-23 23:00:00+00:00,0.5266,2022-09-24 22:00:00+00:00,2022-09-24 23:00:00+00:00,0.4867,24,24.0,-7.576908469426498,0.11,0.04,0.0,-7.7269084694264984,0.07595898214965192,10.482339536650203,30.114657833057883,8b8cf8982136e554,FULL_AVAILABLE,FULL_COST
d34f362ab22f2741b17b,XRP,BYBIT_PERPETUAL,2023-01-16 03:00:00+00:00,2023-01-16 04:00:00+00:00,0.4054,2023-01-17 03:00:00+00:00,2023-01-17 04:00:00+00:00,0.3835,24,24.0,-5.402072027627029,0.11,0.04,0.0,-5.5520720276270294,0.22200296003947015,7.005426739023182,29.4462058006826,8b8cf8982136e554,FULL_AVAILABLE,FULL_COST
dbf8bfe2ec1ec5f3978b,XRP,BYBIT_PERPETUAL,2023-07-13 15:00:00+00:00,2023-07-13 16:00:00+00:00,0.5912,2023-07-14 15:00:00+00:00,2023-07-14 16:00:00+00:00,0.7788,24,24.0,31.73207036535861,0.11,0.04,0.0,31.58207036535861,60.69012178619757,1.2686062246278673,28.63115188285033,8b8cf8982136e554,FULL_AVAILABLE,FULL_COST
07e0d8d929f22c72b803,XRP,BYBIT_PERPETUAL,2023-07-18 23:00:00+00:00,2023-07-19 00:00:00+00:00,0.7775,2023-07-19 23:00:00+00:00,2023-07-20 00:00:00+00:00,0.8195,24,24.0,5.401929260450166,0.11,0.04,0.0,5.251929260450166,9.839228295819938,1.2218649517684828,29.18678008270511,8b8cf8982136e554,FULL_AVAILABLE,FULL_COST
f4916df6563ec9f364d2,XRP,BYBIT_PERPETUAL,2023-10-03 22:00:00+00:00,2023-10-03 23:00:00+00:00,0.5278,2023-10-04 22:00:00+00:00,2023-10-04 23:00:00+00:00,0.5331,24,24.0,1.0041682455475505,0.11,0.04,0.0,0.8541682455475504,3.80826070481243,1.7999242137173292,29.524737287299267,8b8cf8982136e554,FULL_AVAILABLE,FULL_COST
f0da44da2550b30d6a75,XRP,BYBIT_PERPETUAL,2023-11-13 20:00:00+00:00,2023-11-13 21:00:00+00:00,0.7126,2023-11-14 20:00:00+00:00,2023-11-14 21:00:00+00:00,0.625,24,24.0,-12.29301150715689,0.11,0.04,0.0,-12.44301150715689,5.950042099354476,18.31321919730565,37.54356458288414,8b8cf8982136e554,FULL_AVAILABLE,FULL_COST
67e1dd154a594687a05d,XRP,BYBIT_PERPETUAL,2024-11-18 05:00:00+00:00,2024-11-18 06:00:00+00:00,1.1614,2024-11-19 05:00:00+00:00,2024-11-19 06:00:00+00:00,1.1113,24,24.0,-4.313759256070263,0.11,0.04,0.0,-4.463759256070263,2.290339245737899,7.3962459101084965,27.535366607836377,8b8cf8982136e554,FULL_AVAILABLE,FULL_COST
2b1c844499e24c366e1f,XRP,BYBIT_PERPETUAL,2025-11-13 03:00:00+00:00,2025-11-13 04:00:00+00:00,2.4825,2025-11-14 03:00:00+00:00,2025-11-14 04:00:00+00:00,2.3141,24,24.0,-6.7834843907351505,0.11,0.04,0.0,-6.933484390735151,1.7804632426988931,8.358509566968783,27.863907888869555,8b8cf8982136e554,FULL_AVAILABLE,FULL_COST
09f7e237d0aa36dd4746,BNB,BYBIT_PERPETUAL,2021-10-22 08:00:00+00:00,2021-10-22 09:00:00+00:00,498.3,2021-10-23 08:00:00+00:00,2021-10-23 09:00:00+00:00,480.5,24,24.0,-3.5721452939996006,0.0,0.0,0.0,-3.5721452939996006,0.0401364639775213,4.665863937387115,31.7748192265479,8b8cf8982136e554,FULL_AVAILABLE,FULL_GROSS
9a0147198da33f3e50d5,BNB,BYBIT_PERPETUAL,2023-07-13 15:00:00+00:00,2023-07-13 16:00:00+00:00,251.2,2023-07-14 15:00:00+00:00,2023-07-14 16:00:00+00:00,256.25,24,24.0,2.0103503184713425,0.0,0.0,0.0,2.0103503184713425,4.040605095541415,0.4578025477706916,29.476993207671523,8b8cf8982136e554,FULL_AVAILABLE,FULL_GROSS
acd94842d4ad08672cdf,BNB,BYBIT_PERPETUAL,2023-08-01 07:00:00+00:00,2023-08-01 08:00:00+00:00,245.25,2023-08-02 07:00:00+00:00,2023-08-02 08:00:00+00:00,244.55,24,24.0,-0.28542303771661104,0.0,0.0,0.0,-0.28542303771661104,1.4067278287461726,1.243628950050973,26.544368270356,8b8cf8982136e554,FULL_AVAILABLE,FULL_GROSS
f0b7fb3186b397b13449,BNB,BYBIT_PERPETUAL,2024-07-30 23:00:00+00:00,2024-07-31 00:00:00+00:00,587.8,2024-07-31 23:00:00+00:00,2024-08-01 00:00:00+00:00,576.3,24,24.0,-1.9564477713507995,0.0,0.0,0.0,-1.9564477713507995,0.8336168764886172,2.2286492004082867,29.698438370129047,8b8cf8982136e554,FULL_AVAILABLE,FULL_GROSS
ef44c9977d89e4b1dfce,BNB,BYBIT_PERPETUAL,2024-10-14 03:00:00+00:00,2024-10-14 04:00:00+00:00,580.2,2024-10-15 03:00:00+00:00,2024-10-15 04:00:00+00:00,584.85,24,24.0,0.8014477766287448,0.0,0.0,0.0,0.8014477766287448,2.085487762840384,1.0082730093071393,25.71747609981837,8b8cf8982136e554,FULL_AVAILABLE,FULL_GROSS
a5d6d184a43797552c2b,BNB,BYBIT_PERPETUAL,2025-02-11 04:00:00+00:00,2025-02-11 05:00:00+00:00,636.75,2025-02-12 04:00:00+00:00,2025-02-12 05:00:00+00:00,627.65,24,24.0,-1.4291323125245423,0.0,0.0,0.0,-1.4291323125245423,1.6097369454259915,1.8217510797016132,26.52325928536693,8b8cf8982136e554,FULL_AVAILABLE,FULL_GROSS
4be01d08b8d892e43b3a,BNB,BYBIT_PERPETUAL,2025-04-22 08:00:00+00:00,2025-04-22 09:00:00+00:00,604.8,2025-04-23 08:00:00+00:00,2025-04-23 09:00:00+00:00,614.9,24,24.0,1.6699735449735489,0.0,0.0,0.0,1.6699735449735489,2.4966931216931254,0.08267195767195767,25.19733834256261,8b8cf8982136e554,FULL_AVAILABLE,FULL_GROSS
ebe243d2227c466200c5,BNB,BYBIT_PERPETUAL,2025-08-10 04:00:00+00:00,2025-08-10 05:00:00+00:00,814.9,2025-08-11 04:00:00+00:00,2025-08-11 05:00:00+00:00,820.1,24,24.0,0.6381151061479992,0.0,0.0,0.0,0.6381151061479992,1.5093876549269933,2.6874463124309704,33.02974893618578,8b8cf8982136e554,FULL_AVAILABLE,FULL_GROSS
4f0a16de97a8261143e9,BNB,BYBIT_PERPETUAL,2025-08-18 22:00:00+00:00,2025-08-18 23:00:00+00:00,854.1,2025-08-19 22:00:00+00:00,2025-08-19 23:00:00+00:00,834.9,24,24.0,-2.247980330172116,0.0,0.0,0.0,-2.247980330172116,0.0936658470904993,3.5007610350076073,25.63177065115294,8b8cf8982136e554,FULL_AVAILABLE,FULL_GROSS
b114cbcb47a32ab3dd93,BNB,BYBIT_PERPETUAL,2025-11-30 13:00:00+00:00,2025-11-30 14:00:00+00:00,896.2,2025-12-01 13:00:00+00:00,2025-12-01 14:00:00+00:00,816.2,24,24.0,-8.926578888640927,0.0,0.0,0.0,-8.926578888640927,0.4016960499888316,9.205534478910957,29.516955580538532,8b8cf8982136e554,FULL_AVAILABLE,FULL_GROSS
a07cf0849f24c439ae5e,BNB,BYBIT_PERPETUAL,2026-05-05 20:00:00+00:00,2026-05-05 21:00:00+00:00,633.0,2026-05-06 20:00:00+00:00,2026-05-06 21:00:00+00:00,648.4,24,24.0,2.4328593996840406,0.0,0.0,0.0,2.4328593996840406,4.881516587677721,0.6793048973143688,25.65924859514939,8b8cf8982136e554,FULL_AVAILABLE,FULL_GROSS
c097bfa86dd324f00e1b,BNB,BYBIT_PERPETUAL,2026-06-14 21:00:00+00:00,2026-06-14 22:00:00+00:00,614.3,2026-06-15 21:00:00+00:00,2026-06-15 22:00:00+00:00,618.8,24,24.0,0.7325411036952629,0.0,0.0,0.0,0.7325411036952629,2.9627217971675153,0.5046394269900553,31.670376966965193,8b8cf8982136e554,FULL_AVAILABLE,FULL_GROSS
09f7e237d0aa36dd4746,BNB,BYBIT_PERPETUAL,2021-10-22 08:00:00+00:00,2021-10-22 09:00:00+00:00,498.3,2021-10-23 08:00:00+00:00,2021-10-23 09:00:00+00:00,480.5,24,24.0,-3.5721452939996006,0.11,0.04,0.0,-3.7221452939996005,0.0401364639775213,4.665863937387115,31.7748192265479,8b8cf8982136e554,FULL_AVAILABLE,FULL_COST
9a0147198da33f3e50d5,BNB,BYBIT_PERPETUAL,2023-07-13 15:00:00+00:00,2023-07-13 16:00:00+00:00,251.2,2023-07-14 15:00:00+00:00,2023-07-14 16:00:00+00:00,256.25,24,24.0,2.0103503184713425,0.11,0.04,0.0,1.8603503184713424,4.040605095541415,0.4578025477706916,29.476993207671523,8b8cf8982136e554,FULL_AVAILABLE,FULL_COST
acd94842d4ad08672cdf,BNB,BYBIT_PERPETUAL,2023-08-01 07:00:00+00:00,2023-08-01 08:00:00+00:00,245.25,2023-08-02 07:00:00+00:00,2023-08-02 08:00:00+00:00,244.55,24,24.0,-0.28542303771661104,0.11,0.04,0.0,-0.435423037716611,1.4067278287461726,1.243628950050973,26.544368270356,8b8cf8982136e554,FULL_AVAILABLE,FULL_COST
f0b7fb3186b397b13449,BNB,BYBIT_PERPETUAL,2024-07-30 23:00:00+00:00,2024-07-31 00:00:00+00:00,587.8,2024-07-31 23:00:00+00:00,2024-08-01 00:00:00+00:00,576.3,24,24.0,-1.9564477713507995,0.11,0.04,0.0,-2.1064477713507994,0.8336168764886172,2.2286492004082867,29.698438370129047,8b8cf8982136e554,FULL_AVAILABLE,FULL_COST
ef44c9977d89e4b1dfce,BNB,BYBIT_PERPETUAL,2024-10-14 03:00:00+00:00,2024-10-14 04:00:00+00:00,580.2,2024-10-15 03:00:00+00:00,2024-10-15 04:00:00+00:00,584.85,24,24.0,0.8014477766287448,0.11,0.04,0.0,0.6514477766287448,2.085487762840384,1.0082730093071393,25.71747609981837,8b8cf8982136e554,FULL_AVAILABLE,FULL_COST
a5d6d184a43797552c2b,BNB,BYBIT_PERPETUAL,2025-02-11 04:00:00+00:00,2025-02-11 05:00:00+00:00,636.75,2025-02-12 04:00:00+00:00,2025-02-12 05:00:00+00:00,627.65,24,24.0,-1.4291323125245423,0.11,0.04,0.0,-1.5791323125245424,1.6097369454259915,1.8217510797016132,26.52325928536693,8b8cf8982136e554,FULL_AVAILABLE,FULL_COST
4be01d08b8d892e43b3a,BNB,BYBIT_PERPETUAL,2025-04-22 08:00:00+00:00,2025-04-22 09:00:00+00:00,604.8,2025-04-23 08:00:00+00:00,2025-04-23 09:00:00+00:00,614.9,24,24.0,1.6699735449735489,0.11,0.04,0.0,1.5199735449735488,2.4966931216931254,0.08267195767195767,25.19733834256261,8b8cf8982136e554,FULL_AVAILABLE,FULL_COST
ebe243d2227c466200c5,BNB,BYBIT_PERPETUAL,2025-08-10 04:00:00+00:00,2025-08-10 05:00:00+00:00,814.9,2025-08-11 04:00:00+00:00,2025-08-11 05:00:00+00:00,820.1,24,24.0,0.6381151061479992,0.11,0.04,0.0,0.4881151061479992,1.5093876549269933,2.6874463124309704,33.02974893618578,8b8cf8982136e554,FULL_AVAILABLE,FULL_COST
4f0a16de97a8261143e9,BNB,BYBIT_PERPETUAL,2025-08-18 22:00:00+00:00,2025-08-18 23:00:00+00:00,854.1,2025-08-19 22:00:00+00:00,2025-08-19 23:00:00+00:00,834.9,24,24.0,-2.247980330172116,0.11,0.04,0.0,-2.397980330172116,0.0936658470904993,3.5007610350076073,25.63177065115294,8b8cf8982136e554,FULL_AVAILABLE,FULL_COST
b114cbcb47a32ab3dd93,BNB,BYBIT_PERPETUAL,2025-11-30 13:00:00+00:00,2025-11-30 14:00:00+00:00,896.2,2025-12-01 13:00:00+00:00,2025-12-01 14:00:00+00:00,816.2,24,24.0,-8.926578888640927,0.11,0.04,0.0,-9.076578888640926,0.4016960499888316,9.205534478910957,29.516955580538532,8b8cf8982136e554,FULL_AVAILABLE,FULL_COST
a07cf0849f24c439ae5e,BNB,BYBIT_PERPETUAL,2026-05-05 20:00:00+00:00,2026-05-05 21:00:00+00:00,633.0,2026-05-06 20:00:00+00:00,2026-05-06 21:00:00+00:00,648.4,24,24.0,2.4328593996840406,0.11,0.04,0.0,2.2828593996840407,4.881516587677721,0.6793048973143688,25.65924859514939,8b8cf8982136e554,FULL_AVAILABLE,FULL_COST
c097bfa86dd324f00e1b,BNB,BYBIT_PERPETUAL,2026-06-14 21:00:00+00:00,2026-06-14 22:00:00+00:00,614.3,2026-06-15 21:00:00+00:00,2026-06-15 22:00:00+00:00,618.8,24,24.0,0.7325411036952629,0.11,0.04,0.0,0.5825411036952629,2.9627217971675153,0.5046394269900553,31.670376966965193,8b8cf8982136e554,FULL_AVAILABLE,FULL_COST
a7c0e05480984b2c0967,BTC,BINANCE_SPOT,2020-04-01 22:00:00+00:00,2020-04-01 23:00:00+00:00,6520.76,2020-04-02 22:00:00+00:00,2020-04-02 23:00:00+00:00,6842.71,24,24.0,4.937307921162561,0.0,0.0,0.0,4.937307921162561,10.385905937344724,0.31836779761868583,30.160503356512322,8b8cf8982136e554,BTC_COMMON_PERIOD,BTC_COMMON_GROSS
2a3759a96e1c46a87b9f,BTC,BINANCE_SPOT,2020-07-10 23:00:00+00:00,2020-07-11 00:00:00+00:00,9288.34,2020-07-11 23:00:00+00:00,2020-07-12 00:00:00+00:00,9234.03,24,24.0,-0.5847115846319094,0.0,0.0,0.0,-0.5847115846319094,0.1177820794673807,1.1852494633056083,25.703743315875762,8b8cf8982136e554,BTC_COMMON_PERIOD,BTC_COMMON_GROSS
2520e30391d057af57b7,BTC,BINANCE_SPOT,2021-01-03 05:00:00+00:00,2021-01-03 06:00:00+00:00,33758.67,2021-01-04 05:00:00+00:00,2021-01-04 06:00:00+00:00,32813.01,24,24.0,-2.8012359491650476,0.0,0.0,0.0,-2.8012359491650476,3.019787213181095,4.418627866559904,25.910280792283277,8b8cf8982136e554,BTC_COMMON_PERIOD,BTC_COMMON_GROSS
b7671b2f1c4ed5e73afc,BTC,BINANCE_SPOT,2021-02-11 13:00:00+00:00,2021-02-11 14:00:00+00:00,47555.46,2021-02-12 13:00:00+00:00,2021-02-12 14:00:00+00:00,47871.4,24,24.0,0.6643611480153958,0.0,0.0,0.0,0.6643611480153958,3.0077303426357433,2.1305019444665203,28.649099462238816,8b8cf8982136e554,BTC_COMMON_PERIOD,BTC_COMMON_GROSS
ff160f0dde9c0edad0d9,BTC,BINANCE_SPOT,2021-12-26 22:00:00+00:00,2021-12-26 23:00:00+00:00,50973.65,2021-12-27 22:00:00+00:00,2021-12-27 23:00:00+00:00,51020.06,24,24.0,0.09104704097116101,0.0,0.0,0.0,0.09104704097116101,2.1861295002417886,1.0292572731205267,25.920424471268305,8b8cf8982136e554,BTC_COMMON_PERIOD,BTC_COMMON_GROSS
3c60d94c920ab092d624,BTC,BINANCE_SPOT,2022-06-07 19:00:00+00:00,2022-06-07 20:00:00+00:00,31059.71,2022-06-08 19:00:00+00:00,2022-06-08 20:00:00+00:00,30140.14,24,24.0,-2.960652240474878,0.0,0.0,0.0,-2.960652240474878,1.7060365341466468,3.914492440528254,35.279589055306175,8b8cf8982136e554,BTC_COMMON_PERIOD,BTC_COMMON_GROSS
77627e87b5a8982bc096,BTC,BINANCE_SPOT,2022-07-19 14:00:00+00:00,2022-07-19 15:00:00+00:00,22626.18,2022-07-20 14:00:00+00:00,2022-07-20 15:00:00+00:00,24191.35,24,24.0,6.9175176720064915,0.0,0.0,0.0,6.9175176720064915,6.954598610989576,0.7298182901400104,25.253879049109283,8b8cf8982136e554,BTC_COMMON_PERIOD,BTC_COMMON_GROSS
51aca4c4c36dbd5eff4a,BTC,BINANCE_SPOT,2022-08-10 12:00:00+00:00,2022-08-10 13:00:00+00:00,23983.92,2022-08-11 12:00:00+00:00,2022-08-11 13:00:00+00:00,24862.02,24,24.0,3.661203006014039,0.0,0.0,0.0,3.661203006014039,3.8968608968008676,2.1202539034486305,35.70793509402798,8b8cf8982136e554,BTC_COMMON_PERIOD,BTC_COMMON_GROSS
1ee841fff460ea4dee29,BTC,BINANCE_SPOT,2023-01-25 21:00:00+00:00,2023-01-25 22:00:00+00:00,23592.56,2023-01-26 21:00:00+00:00,2023-01-26 22:00:00+00:00,23081.77,24,24.0,-2.1650469470036353,0.0,0.0,0.0,-2.1650469470036353,0.9501724272397665,3.2887486563560775,30.304476457055554,8b8cf8982136e554,BTC_COMMON_PERIOD,BTC_COMMON_GROSS
6e6397016bc079f89af6,BTC,BINANCE_SPOT,2023-02-17 19:00:00+00:00,2023-02-17 20:00:00+00:00,24524.49,2023-02-18 19:00:00+00:00,2023-02-18 20:00:00+00:00,24608.34,24,24.0,0.34190313437710035,0.0,0.0,0.0,0.34190313437710035,2.024996238453884,1.927705734145754,27.982417997209488,8b8cf8982136e554,BTC_COMMON_PERIOD,BTC_COMMON_GROSS
373fa542d76d2c8b6f2c,BTC,BINANCE_SPOT,2023-08-14 03:00:00+00:00,2023-08-14 04:00:00+00:00,29399.91,2023-08-15 03:00:00+00:00,2023-08-15 04:00:00+00:00,29402.01,24,24.0,0.0071428790088083425,0.0,0.0,0.0,0.0071428790088083425,1.004798994282635,0.48608992340452695,29.318751189422777,8b8cf8982136e554,BTC_COMMON_PERIOD,BTC_COMMON_GROSS
94e3c2947b0c16b6c49b,BTC,BINANCE_SPOT,2023-09-15 22:00:00+00:00,2023-09-15 23:00:00+00:00,26776.32,2023-09-16 22:00:00+00:00,2023-09-16 23:00:00+00:00,26560.01,24,24.0,-0.8078406592093362,0.0,0.0,0.0,-0.8078406592093362,0.4170849466991741,1.237361967589272,25.84733384520369,8b8cf8982136e554,BTC_COMMON_PERIOD,BTC_COMMON_GROSS
2b919c0993ced91014db,BTC,BINANCE_SPOT,2023-11-07 18:00:00+00:00,2023-11-07 19:00:00+00:00,35377.0,2023-11-08 18:00:00+00:00,2023-11-08 19:00:00+00:00,35589.57,24,24.0,0.600870622155637,0.0,0.0,0.0,0.600870622155637,1.4444413036718773,0.782994601011957,26.40347536804385,8b8cf8982136e554,BTC_COMMON_PERIOD,BTC_COMMON_GROSS
92d91076fac53a8e18aa,BTC,BINANCE_SPOT,2024-01-04 20:00:00+00:00,2024-01-04 21:00:00+00:00,44113.68,2024-01-05 20:00:00+00:00,2024-01-05 21:00:00+00:00,43955.07,24,24.0,-0.3595483305858876,0.0,0.0,0.0,-0.3595483305858876,1.3961655432056483,3.771347119532989,28.244097584266928,8b8cf8982136e554,BTC_COMMON_PERIOD,BTC_COMMON_GROSS
b4675a1133155ee40019,BTC,BINANCE_SPOT,2024-05-15 12:00:00+00:00,2024-05-15 13:00:00+00:00,63757.57,2024-05-16 12:00:00+00:00,2024-05-16 13:00:00+00:00,66011.01,24,24.0,3.5343881518696447,0.0,0.0,0.0,3.5343881518696447,4.696603085719852,0.34769204660717196,33.17952091369305,8b8cf8982136e554,BTC_COMMON_PERIOD,BTC_COMMON_GROSS
1d6c7f5e92df0707740c,BTC,BINANCE_SPOT,2024-05-17 14:00:00+00:00,2024-05-17 15:00:00+00:00,66806.67,2024-05-18 14:00:00+00:00,2024-05-18 15:00:00+00:00,66793.66,24,24.0,-0.019474103409127804,0.0,0.0,0.0,-0.019474103409127804,0.9647689369938643,0.8861390636593622,39.907090327546825,8b8cf8982136e554,BTC_COMMON_PERIOD,BTC_COMMON_GROSS
c455f613cbf4f7c757d9,BTC,BINANCE_SPOT,2024-09-17 10:00:00+00:00,2024-09-17 11:00:00+00:00,59235.99,2024-09-18 10:00:00+00:00,2024-09-18 11:00:00+00:00,59907.49,24,24.0,1.1336013798368187,0.0,0.0,0.0,1.1336013798368187,3.5181483419117363,0.6144406466406676,28.20646024489453,8b8cf8982136e554,BTC_COMMON_PERIOD,BTC_COMMON_GROSS
7687a7b1907857ca66bb,BTC,BINANCE_SPOT,2025-01-20 06:00:00+00:00,2025-01-20 07:00:00+00:00,107482.36,2025-01-21 06:00:00+00:00,2025-01-21 07:00:00+00:00,102176.04,24,24.0,-4.936921742321259,0.0,0.0,0.0,-4.936921742321259,1.8771731472959887,6.850724156038263,26.421979347887806,8b8cf8982136e554,BTC_COMMON_PERIOD,BTC_COMMON_GROSS
07b70d9527d2713a6aad,BTC,BINANCE_SPOT,2025-03-25 19:00:00+00:00,2025-03-25 20:00:00+00:00,88116.23,2025-03-26 19:00:00+00:00,2025-03-26 20:00:00+00:00,86567.19,24,24.0,-1.75795083380212,0.0,0.0,0.0,-1.75795083380212,0.4805017191498192,2.5605158096300715,27.990323369128777,8b8cf8982136e554,BTC_COMMON_PERIOD,BTC_COMMON_GROSS
1d03d6e74addf15e713d,BTC,BINANCE_SPOT,2025-05-18 22:00:00+00:00,2025-05-18 23:00:00+00:00,105928.11,2025-05-19 22:00:00+00:00,2025-05-19 23:00:00+00:00,105549.92,24,24.0,-0.3570251560232712,0.0,0.0,0.0,-0.3570251560232712,1.1144445039187376,3.7082791338389787,26.322727910898106,8b8cf8982136e554,BTC_COMMON_PERIOD,BTC_COMMON_GROSS
7087941d0466c0600886,BTC,BINANCE_SPOT,2025-08-10 03:00:00+00:00,2025-08-10 04:00:00+00:00,118500.0,2025-08-11 03:00:00+00:00,2025-08-11 04:00:00+00:00,121728.99,24,24.0,2.7248860759493714,0.0,0.0,0.0,2.7248860759493714,3.0920421940928327,0.8722869198312265,25.547284239344258,8b8cf8982136e554,BTC_COMMON_PERIOD,BTC_COMMON_GROSS
ed8bffe73d12ff745987,BTC,BINANCE_SPOT,2025-09-30 19:00:00+00:00,2025-09-30 20:00:00+00:00,114359.99,2025-10-01 19:00:00+00:00,2025-10-01 20:00:00+00:00,117439.53,24,24.0,2.692847384824005,0.0,0.0,0.0,2.692847384824005,3.3569520249171014,0.5199108534374713,29.236089482019683,8b8cf8982136e554,BTC_COMMON_PERIOD,BTC_COMMON_GROSS
9a9b7b3d942b270c7f24,BTC,BINANCE_SPOT,2026-04-13 14:00:00+00:00,2026-04-13 15:00:00+00:00,72400.15,2026-04-14 14:00:00+00:00,2026-04-14 15:00:00+00:00,75013.62,24,24.0,3.6097577145903728,0.0,0.0,0.0,3.6097577145903728,5.024644285957979,1.032456424468734,30.00527292374807,8b8cf8982136e554,BTC_COMMON_PERIOD,BTC_COMMON_GROSS
a69e99eff9a5c91b23b0,BTC,BINANCE_SPOT,2026-05-05 02:00:00+00:00,2026-05-05 03:00:00+00:00,80554.69,2026-05-06 02:00:00+00:00,2026-05-06 03:00:00+00:00,81363.54,24,24.0,1.0041004440585537,0.0,0.0,0.0,1.0041004440585537,1.5353420142266,0.12011715270707306,25.955118230821242,8b8cf8982136e554,BTC_COMMON_PERIOD,BTC_COMMON_GROSS
a88666c52bb8accaec38,BTC,BINANCE_SPOT,2026-06-14 21:00:00+00:00,2026-06-14 22:00:00+00:00,65311.59,2026-06-15 21:00:00+00:00,2026-06-15 22:00:00+00:00,66368.15,24,24.0,1.6177220612757974,0.0,0.0,0.0,1.6177220612757974,3.0324786152044343,0.5595790884894916,28.701388156242597,8b8cf8982136e554,BTC_COMMON_PERIOD,BTC_COMMON_GROSS
a7c0e05480984b2c0967,BTC,BINANCE_SPOT,2020-04-01 22:00:00+00:00,2020-04-01 23:00:00+00:00,6520.76,2020-04-02 22:00:00+00:00,2020-04-02 23:00:00+00:00,6842.71,24,24.0,4.937307921162561,0.11,0.04,0.0,4.787307921162561,10.385905937344724,0.31836779761868583,30.160503356512322,8b8cf8982136e554,BTC_COMMON_PERIOD,BTC_COMMON_COST
2a3759a96e1c46a87b9f,BTC,BINANCE_SPOT,2020-07-10 23:00:00+00:00,2020-07-11 00:00:00+00:00,9288.34,2020-07-11 23:00:00+00:00,2020-07-12 00:00:00+00:00,9234.03,24,24.0,-0.5847115846319094,0.11,0.04,0.0,-0.7347115846319094,0.1177820794673807,1.1852494633056083,25.703743315875762,8b8cf8982136e554,BTC_COMMON_PERIOD,BTC_COMMON_COST
2520e30391d057af57b7,BTC,BINANCE_SPOT,2021-01-03 05:00:00+00:00,2021-01-03 06:00:00+00:00,33758.67,2021-01-04 05:00:00+00:00,2021-01-04 06:00:00+00:00,32813.01,24,24.0,-2.8012359491650476,0.11,0.04,0.0,-2.9512359491650475,3.019787213181095,4.418627866559904,25.910280792283277,8b8cf8982136e554,BTC_COMMON_PERIOD,BTC_COMMON_COST
b7671b2f1c4ed5e73afc,BTC,BINANCE_SPOT,2021-02-11 13:00:00+00:00,2021-02-11 14:00:00+00:00,47555.46,2021-02-12 13:00:00+00:00,2021-02-12 14:00:00+00:00,47871.4,24,24.0,0.6643611480153958,0.11,0.04,0.0,0.5143611480153958,3.0077303426357433,2.1305019444665203,28.649099462238816,8b8cf8982136e554,BTC_COMMON_PERIOD,BTC_COMMON_COST
ff160f0dde9c0edad0d9,BTC,BINANCE_SPOT,2021-12-26 22:00:00+00:00,2021-12-26 23:00:00+00:00,50973.65,2021-12-27 22:00:00+00:00,2021-12-27 23:00:00+00:00,51020.06,24,24.0,0.09104704097116101,0.11,0.04,0.0,-0.05895295902883899,2.1861295002417886,1.0292572731205267,25.920424471268305,8b8cf8982136e554,BTC_COMMON_PERIOD,BTC_COMMON_COST
3c60d94c920ab092d624,BTC,BINANCE_SPOT,2022-06-07 19:00:00+00:00,2022-06-07 20:00:00+00:00,31059.71,2022-06-08 19:00:00+00:00,2022-06-08 20:00:00+00:00,30140.14,24,24.0,-2.960652240474878,0.11,0.04,0.0,-3.1106522404748778,1.7060365341466468,3.914492440528254,35.279589055306175,8b8cf8982136e554,BTC_COMMON_PERIOD,BTC_COMMON_COST
77627e87b5a8982bc096,BTC,BINANCE_SPOT,2022-07-19 14:00:00+00:00,2022-07-19 15:00:00+00:00,22626.18,2022-07-20 14:00:00+00:00,2022-07-20 15:00:00+00:00,24191.35,24,24.0,6.9175176720064915,0.11,0.04,0.0,6.767517672006491,6.954598610989576,0.7298182901400104,25.253879049109283,8b8cf8982136e554,BTC_COMMON_PERIOD,BTC_COMMON_COST
51aca4c4c36dbd5eff4a,BTC,BINANCE_SPOT,2022-08-10 12:00:00+00:00,2022-08-10 13:00:00+00:00,23983.92,2022-08-11 12:00:00+00:00,2022-08-11 13:00:00+00:00,24862.02,24,24.0,3.661203006014039,0.11,0.04,0.0,3.511203006014039,3.8968608968008676,2.1202539034486305,35.70793509402798,8b8cf8982136e554,BTC_COMMON_PERIOD,BTC_COMMON_COST
1ee841fff460ea4dee29,BTC,BINANCE_SPOT,2023-01-25 21:00:00+00:00,2023-01-25 22:00:00+00:00,23592.56,2023-01-26 21:00:00+00:00,2023-01-26 22:00:00+00:00,23081.77,24,24.0,-2.1650469470036353,0.11,0.04,0.0,-2.3150469470036352,0.9501724272397665,3.2887486563560775,30.304476457055554,8b8cf8982136e554,BTC_COMMON_PERIOD,BTC_COMMON_COST
6e6397016bc079f89af6,BTC,BINANCE_SPOT,2023-02-17 19:00:00+00:00,2023-02-17 20:00:00+00:00,24524.49,2023-02-18 19:00:00+00:00,2023-02-18 20:00:00+00:00,24608.34,24,24.0,0.34190313437710035,0.11,0.04,0.0,0.19190313437710035,2.024996238453884,1.927705734145754,27.982417997209488,8b8cf8982136e554,BTC_COMMON_PERIOD,BTC_COMMON_COST
373fa542d76d2c8b6f2c,BTC,BINANCE_SPOT,2023-08-14 03:00:00+00:00,2023-08-14 04:00:00+00:00,29399.91,2023-08-15 03:00:00+00:00,2023-08-15 04:00:00+00:00,29402.01,24,24.0,0.0071428790088083425,0.11,0.04,0.0,-0.14285712099119166,1.004798994282635,0.48608992340452695,29.318751189422777,8b8cf8982136e554,BTC_COMMON_PERIOD,BTC_COMMON_COST
94e3c2947b0c16b6c49b,BTC,BINANCE_SPOT,2023-09-15 22:00:00+00:00,2023-09-15 23:00:00+00:00,26776.32,2023-09-16 22:00:00+00:00,2023-09-16 23:00:00+00:00,26560.01,24,24.0,-0.8078406592093362,0.11,0.04,0.0,-0.9578406592093363,0.4170849466991741,1.237361967589272,25.84733384520369,8b8cf8982136e554,BTC_COMMON_PERIOD,BTC_COMMON_COST
2b919c0993ced91014db,BTC,BINANCE_SPOT,2023-11-07 18:00:00+00:00,2023-11-07 19:00:00+00:00,35377.0,2023-11-08 18:00:00+00:00,2023-11-08 19:00:00+00:00,35589.57,24,24.0,0.600870622155637,0.11,0.04,0.0,0.45087062215563706,1.4444413036718773,0.782994601011957,26.40347536804385,8b8cf8982136e554,BTC_COMMON_PERIOD,BTC_COMMON_COST
92d91076fac53a8e18aa,BTC,BINANCE_SPOT,2024-01-04 20:00:00+00:00,2024-01-04 21:00:00+00:00,44113.68,2024-01-05 20:00:00+00:00,2024-01-05 21:00:00+00:00,43955.07,24,24.0,-0.3595483305858876,0.11,0.04,0.0,-0.5095483305858876,1.3961655432056483,3.771347119532989,28.244097584266928,8b8cf8982136e554,BTC_COMMON_PERIOD,BTC_COMMON_COST
b4675a1133155ee40019,BTC,BINANCE_SPOT,2024-05-15 12:00:00+00:00,2024-05-15 13:00:00+00:00,63757.57,2024-05-16 12:00:00+00:00,2024-05-16 13:00:00+00:00,66011.01,24,24.0,3.5343881518696447,0.11,0.04,0.0,3.384388151869645,4.696603085719852,0.34769204660717196,33.17952091369305,8b8cf8982136e554,BTC_COMMON_PERIOD,BTC_COMMON_COST
1d6c7f5e92df0707740c,BTC,BINANCE_SPOT,2024-05-17 14:00:00+00:00,2024-05-17 15:00:00+00:00,66806.67,2024-05-18 14:00:00+00:00,2024-05-18 15:00:00+00:00,66793.66,24,24.0,-0.019474103409127804,0.11,0.04,0.0,-0.1694741034091278,0.9647689369938643,0.8861390636593622,39.907090327546825,8b8cf8982136e554,BTC_COMMON_PERIOD,BTC_COMMON_COST
c455f613cbf4f7c757d9,BTC,BINANCE_SPOT,2024-09-17 10:00:00+00:00,2024-09-17 11:00:00+00:00,59235.99,2024-09-18 10:00:00+00:00,2024-09-18 11:00:00+00:00,59907.49,24,24.0,1.1336013798368187,0.11,0.04,0.0,0.9836013798368186,3.5181483419117363,0.6144406466406676,28.20646024489453,8b8cf8982136e554,BTC_COMMON_PERIOD,BTC_COMMON_COST
7687a7b1907857ca66bb,BTC,BINANCE_SPOT,2025-01-20 06:00:00+00:00,2025-01-20 07:00:00+00:00,107482.36,2025-01-21 06:00:00+00:00,2025-01-21 07:00:00+00:00,102176.04,24,24.0,-4.936921742321259,0.11,0.04,0.0,-5.086921742321259,1.8771731472959887,6.850724156038263,26.421979347887806,8b8cf8982136e554,BTC_COMMON_PERIOD,BTC_COMMON_COST
07b70d9527d2713a6aad,BTC,BINANCE_SPOT,2025-03-25 19:00:00+00:00,2025-03-25 20:00:00+00:00,88116.23,2025-03-26 19:00:00+00:00,2025-03-26 20:00:00+00:00,86567.19,24,24.0,-1.75795083380212,0.11,0.04,0.0,-1.90795083380212,0.4805017191498192,2.5605158096300715,27.990323369128777,8b8cf8982136e554,BTC_COMMON_PERIOD,BTC_COMMON_COST
1d03d6e74addf15e713d,BTC,BINANCE_SPOT,2025-05-18 22:00:00+00:00,2025-05-18 23:00:00+00:00,105928.11,2025-05-19 22:00:00+00:00,2025-05-19 23:00:00+00:00,105549.92,24,24.0,-0.3570251560232712,0.11,0.04,0.0,-0.5070251560232711,1.1144445039187376,3.7082791338389787,26.322727910898106,8b8cf8982136e554,BTC_COMMON_PERIOD,BTC_COMMON_COST
7087941d0466c0600886,BTC,BINANCE_SPOT,2025-08-10 03:00:00+00:00,2025-08-10 04:00:00+00:00,118500.0,2025-08-11 03:00:00+00:00,2025-08-11 04:00:00+00:00,121728.99,24,24.0,2.7248860759493714,0.11,0.04,0.0,2.5748860759493715,3.0920421940928327,0.8722869198312265,25.547284239344258,8b8cf8982136e554,BTC_COMMON_PERIOD,BTC_COMMON_COST
ed8bffe73d12ff745987,BTC,BINANCE_SPOT,2025-09-30 19:00:00+00:00,2025-09-30 20:00:00+00:00,114359.99,2025-10-01 19:00:00+00:00,2025-10-01 20:00:00+00:00,117439.53,24,24.0,2.692847384824005,0.11,0.04,0.0,2.542847384824005,3.3569520249171014,0.5199108534374713,29.236089482019683,8b8cf8982136e554,BTC_COMMON_PERIOD,BTC_COMMON_COST
9a9b7b3d942b270c7f24,BTC,BINANCE_SPOT,2026-04-13 14:00:00+00:00,2026-04-13 15:00:00+00:00,72400.15,2026-04-14 14:00:00+00:00,2026-04-14 15:00:00+00:00,75013.62,24,24.0,3.6097577145903728,0.11,0.04,0.0,3.459757714590373,5.024644285957979,1.032456424468734,30.00527292374807,8b8cf8982136e554,BTC_COMMON_PERIOD,BTC_COMMON_COST
a69e99eff9a5c91b23b0,BTC,BINANCE_SPOT,2026-05-05 02:00:00+00:00,2026-05-05 03:00:00+00:00,80554.69,2026-05-06 02:00:00+00:00,2026-05-06 03:00:00+00:00,81363.54,24,24.0,1.0041004440585537,0.11,0.04,0.0,0.8541004440585537,1.5353420142266,0.12011715270707306,25.955118230821242,8b8cf8982136e554,BTC_COMMON_PERIOD,BTC_COMMON_COST
a88666c52bb8accaec38,BTC,BINANCE_SPOT,2026-06-14 21:00:00+00:00,2026-06-14 22:00:00+00:00,65311.59,2026-06-15 21:00:00+00:00,2026-06-15 22:00:00+00:00,66368.15,24,24.0,1.6177220612757974,0.11,0.04,0.0,1.4677220612757973,3.0324786152044343,0.5595790884894916,28.701388156242597,8b8cf8982136e554,BTC_COMMON_PERIOD,BTC_COMMON_COST
e7c53718a23293ee167e,BTC,BYBIT_PERPETUAL,2020-07-10 23:00:00+00:00,2020-07-11 00:00:00+00:00,9278.0,2020-07-11 23:00:00+00:00,2020-07-12 00:00:00+00:00,9231.0,24,24.0,-0.5065746928217288,0.0,0.0,0.0,-0.5065746928217288,0.06466910972192283,1.0562621254580729,25.12077524997242,8b8cf8982136e554,BTC_COMMON_PERIOD,BTC_COMMON_GROSS
8f6d98fa1925b4e34200,BTC,BYBIT_PERPETUAL,2020-07-24 20:00:00+00:00,2020-07-24 21:00:00+00:00,9608.0,2020-07-25 20:00:00+00:00,2020-07-25 21:00:00+00:00,9703.5,24,24.0,0.9939633638634472,0.0,0.0,0.0,0.9939633638634472,1.26977518734388,0.9991673605328892,28.59119777399654,8b8cf8982136e554,BTC_COMMON_PERIOD,BTC_COMMON_GROSS
77cc376882c73a2d4cc2,BTC,BYBIT_PERPETUAL,2021-01-03 05:00:00+00:00,2021-01-03 06:00:00+00:00,33803.5,2021-01-04 05:00:00+00:00,2021-01-04 06:00:00+00:00,32920.5,24,24.0,-2.6121555460233408,0.0,0.0,0.0,-2.6121555460233408,3.007085065155975,4.178561391571878,29.907613720807277,8b8cf8982136e554,BTC_COMMON_PERIOD,BTC_COMMON_GROSS
c1bea9e481a23ac631f0,BTC,BYBIT_PERPETUAL,2021-03-08 20:00:00+00:00,2021-03-08 21:00:00+00:00,51770.5,2021-03-09 20:00:00+00:00,2021-03-09 21:00:00+00:00,54391.0,24,24.0,5.061762973121758,0.0,0.0,0.0,5.061762973121758,5.851788180527521,0.6866845017915608,25.02205430159985,8b8cf8982136e554,BTC_COMMON_PERIOD,BTC_COMMON_GROSS
747556afcc943968aba4,BTC,BYBIT_PERPETUAL,2022-06-07 19:00:00+00:00,2022-06-07 20:00:00+00:00,31049.5,2022-06-08 19:00:00+00:00,2022-06-08 20:00:00+00:00,30131.5,24,24.0,-2.9565693489428173,0.0,0.0,0.0,-2.9565693489428173,1.7665340826744393,3.9662474435981254,36.00528641498154,8b8cf8982136e554,BTC_COMMON_PERIOD,BTC_COMMON_GROSS
ca97933c4649a44c2a9e,BTC,BYBIT_PERPETUAL,2023-01-25 21:00:00+00:00,2023-01-25 22:00:00+00:00,23618.0,2023-01-26 21:00:00+00:00,2023-01-26 22:00:00+00:00,23082.5,24,24.0,-2.2673384706579727,0.0,0.0,0.0,-2.2673384706579727,1.0881531035650776,3.4571089846727068,29.73335006391264,8b8cf8982136e554,BTC_COMMON_PERIOD,BTC_COMMON_GROSS
fc10944515b4934bafe3,BTC,BYBIT_PERPETUAL,2023-02-17 19:00:00+00:00,2023-02-17 20:00:00+00:00,24526.8,2023-02-18 19:00:00+00:00,2023-02-18 20:00:00+00:00,24607.0,24,24.0,0.32698925257269895,0.0,0.0,0.0,0.32698925257269895,2.1083060162760825,1.9456268245347976,27.798782267379494,8b8cf8982136e554,BTC_COMMON_PERIOD,BTC_COMMON_GROSS
85ea2f679c281e4e57eb,BTC,BYBIT_PERPETUAL,2023-08-14 04:00:00+00:00,2023-08-14 05:00:00+00:00,29400.4,2023-08-15 04:00:00+00:00,2023-08-15 05:00:00+00:00,29369.5,24,24.0,-0.10510061087604745,0.0,0.0,0.0,-0.10510061087604745,0.9510074692861272,0.5795839512387635,29.668408560139795,8b8cf8982136e554,BTC_COMMON_PERIOD,BTC_COMMON_GROSS
babfa64a6ca335c4c1db,BTC,BYBIT_PERPETUAL,2023-09-15 22:00:00+00:00,2023-09-15 23:00:00+00:00,26761.3,2023-09-16 22:00:00+00:00,2023-09-16 23:00:00+00:00,26547.0,24,24.0,-0.8007832205460844,0.0,0.0,0.0,-0.8007832205460844,0.48428140635919104,1.2379817123981245,25.857593247531817,8b8cf8982136e554,BTC_COMMON_PERIOD,BTC_COMMON_GROSS
1dadb0c5d18dd7630eae,BTC,BYBIT_PERPETUAL,2023-11-07 18:00:00+00:00,2023-11-07 19:00:00+00:00,35408.9,2023-11-08 18:00:00+00:00,2023-11-08 19:00:00+00:00,35622.2,24,24.0,0.6023909243156258,0.0,0.0,0.0,0.6023909243156258,1.4657331913727902,0.9429832612704756,25.826768990275777,8b8cf8982136e554,BTC_COMMON_PERIOD,BTC_COMMON_GROSS
bde1ce54d45394074ebc,BTC,BYBIT_PERPETUAL,2024-01-04 21:00:00+00:00,2024-01-04 22:00:00+00:00,44456.0,2024-01-05 21:00:00+00:00,2024-01-05 22:00:00+00:00,43957.7,24,24.0,-1.120883570271736,0.0,0.0,0.0,-1.120883570271736,0.7139643692639946,5.1174194709375564,29.71089516763064,8b8cf8982136e554,BTC_COMMON_PERIOD,BTC_COMMON_GROSS
959976ed55f7d5b1bdfe,BTC,BYBIT_PERPETUAL,2024-02-01 19:00:00+00:00,2024-02-01 20:00:00+00:00,43201.1,2024-02-02 19:00:00+00:00,2024-02-02 20:00:00+00:00,43041.0,24,24.0,-0.370592415470899,0.0,0.0,0.0,-0.370592415470899,0.6379467189492827,1.575885799204177,27.76553510767949,8b8cf8982136e554,BTC_COMMON_PERIOD,BTC_COMMON_GROSS
4dcdde171036d7f6cfe8,BTC,BYBIT_PERPETUAL,2024-02-26 15:00:00+00:00,2024-02-26 16:00:00+00:00,52899.2,2024-02-27 15:00:00+00:00,2024-02-27 16:00:00+00:00,56780.0,24,24.0,7.336216804791004,0.0,0.0,0.0,7.336216804791004,8.886334764987,0.1691897041921239,25.503323408277993,8b8cf8982136e554,BTC_COMMON_PERIOD,BTC_COMMON_GROSS
04ea19cf03e18257ca67,BTC,BYBIT_PERPETUAL,2024-05-15 12:00:00+00:00,2024-05-15 13:00:00+00:00,63727.1,2024-05-16 12:00:00+00:00,2024-05-16 13:00:00+00:00,65970.0,24,24.0,3.5195387833433527,0.0,0.0,0.0,3.5195387833433527,4.77489168658232,0.3563633054069596,33.428654927930005,8b8cf8982136e554,BTC_COMMON_PERIOD,BTC_COMMON_GROSS
77416a3b8569becdf051,BTC,BYBIT_PERPETUAL,2024-05-17 14:00:00+00:00,2024-05-17 15:00:00+00:00,66799.9,2024-05-18 14:00:00+00:00,2024-05-18 15:00:00+00:00,66760.9,24,24.0,-0.05838332093311518,0.0,0.0,0.0,-0.05838332093311518,0.9639235986880351,0.9564385575427423,37.861187695108555,8b8cf8982136e554,BTC_COMMON_PERIOD,BTC_COMMON_GROSS
eaa60e5b5d03ffc88685,BTC,BYBIT_PERPETUAL,2024-09-17 10:00:00+00:00,2024-09-17 11:00:00+00:00,59210.0,2024-09-18 10:00:00+00:00,2024-09-18 11:00:00+00:00,59884.5,24,24.0,1.1391656814727242,0.0,0.0,0.0,1.1391656814727242,3.5804762709001863,0.6274277993582166,27.816273986999153,8b8cf8982136e554,BTC_COMMON_PERIOD,BTC_COMMON_GROSS
3af049b2b889bb4d3c56,BTC,BYBIT_PERPETUAL,2025-01-20 06:00:00+00:00,2025-01-20 07:00:00+00:00,107542.7,2025-01-21 06:00:00+00:00,2025-01-21 07:00:00+00:00,102161.9,24,24.0,-5.003407948656676,0.0,0.0,0.0,-5.003407948656676,1.9260256623648122,7.013679217650289,26.264820129677375,8b8cf8982136e554,BTC_COMMON_PERIOD,BTC_COMMON_GROSS
2fce9ed7f1faed3739b3,BTC,BYBIT_PERPETUAL,2025-03-25 19:00:00+00:00,2025-03-25 20:00:00+00:00,88053.8,2025-03-26 19:00:00+00:00,2025-03-26 20:00:00+00:00,86518.6,24,24.0,-1.7434795545450588,0.0,0.0,0.0,-1.7434795545450588,0.506735654792862,2.559457967742445,28.052129363118322,8b8cf8982136e554,BTC_COMMON_PERIOD,BTC_COMMON_GROSS
2ecf060fd5102c1d7ce4,BTC,BYBIT_PERPETUAL,2025-05-18 22:00:00+00:00,2025-05-18 23:00:00+00:00,105936.9,2025-05-19 22:00:00+00:00,2025-05-19 23:00:00+00:00,105512.4,24,24.0,-0.40071023411106044,0.0,0.0,0.0,-0.40071023411106044,1.130295487219287,3.716268835504904,26.151016097750947,8b8cf8982136e554,BTC_COMMON_PERIOD,BTC_COMMON_GROSS
1b1582bab20131ac5a47,BTC,BYBIT_PERPETUAL,2025-08-10 03:00:00+00:00,2025-08-10 04:00:00+00:00,118488.9,2025-08-11 03:00:00+00:00,2025-08-11 04:00:00+00:00,121709.4,24,24.0,2.717976114218294,0.0,0.0,0.0,2.717976114218294,3.3185386985616425,0.8928262478594993,29.1138669944345,8b8cf8982136e554,BTC_COMMON_PERIOD,BTC_COMMON_GROSS
a6db48b7166e622a6111,BTC,BYBIT_PERPETUAL,2025-09-30 19:00:00+00:00,2025-09-30 20:00:00+00:00,114314.7,2025-10-01 19:00:00+00:00,2025-10-01 20:00:00+00:00,117369.3,24,24.0,2.672097289325,0.0,0.0,0.0,2.672097289325,3.355036578847692,0.5230298465551624,29.1477815683732,8b8cf8982136e554,BTC_COMMON_PERIOD,BTC_COMMON_GROSS
b7c6cd092d253b541f9c,BTC,BYBIT_PERPETUAL,2026-04-13 14:00:00+00:00,2026-04-13 15:00:00+00:00,72348.4,2026-04-14 14:00:00+00:00,2026-04-14 15:00:00+00:00,74974.2,24,24.0,3.6293822669195217,0.0,0.0,0.0,3.6293822669195217,5.061480281526625,1.0210315639323013,31.429523124190656,8b8cf8982136e554,BTC_COMMON_PERIOD,BTC_COMMON_GROSS
fa83826795431f0d052b,BTC,BYBIT_PERPETUAL,2026-05-05 02:00:00+00:00,2026-05-05 03:00:00+00:00,80520.6,2026-05-06 02:00:00+00:00,2026-05-06 03:00:00+00:00,81331.3,24,24.0,1.0068230986853017,0.0,0.0,0.0,1.0068230986853017,1.5727652302640494,0.12754500090661475,25.6544131535365,8b8cf8982136e554,BTC_COMMON_PERIOD,BTC_COMMON_GROSS
2559226ed0b43f7e5261,BTC,BYBIT_PERPETUAL,2026-06-14 21:00:00+00:00,2026-06-14 22:00:00+00:00,65286.6,2026-06-15 21:00:00+00:00,2026-06-15 22:00:00+00:00,66337.2,24,24.0,1.6092123039030959,0.0,0.0,0.0,1.6092123039030959,3.047179666271488,0.5615241106138145,27.657118736569963,8b8cf8982136e554,BTC_COMMON_PERIOD,BTC_COMMON_GROSS
e7c53718a23293ee167e,BTC,BYBIT_PERPETUAL,2020-07-10 23:00:00+00:00,2020-07-11 00:00:00+00:00,9278.0,2020-07-11 23:00:00+00:00,2020-07-12 00:00:00+00:00,9231.0,24,24.0,-0.5065746928217288,0.11,0.04,0.0,-0.6565746928217289,0.06466910972192283,1.0562621254580729,25.12077524997242,8b8cf8982136e554,BTC_COMMON_PERIOD,BTC_COMMON_COST
8f6d98fa1925b4e34200,BTC,BYBIT_PERPETUAL,2020-07-24 20:00:00+00:00,2020-07-24 21:00:00+00:00,9608.0,2020-07-25 20:00:00+00:00,2020-07-25 21:00:00+00:00,9703.5,24,24.0,0.9939633638634472,0.11,0.04,0.0,0.8439633638634472,1.26977518734388,0.9991673605328892,28.59119777399654,8b8cf8982136e554,BTC_COMMON_PERIOD,BTC_COMMON_COST
77cc376882c73a2d4cc2,BTC,BYBIT_PERPETUAL,2021-01-03 05:00:00+00:00,2021-01-03 06:00:00+00:00,33803.5,2021-01-04 05:00:00+00:00,2021-01-04 06:00:00+00:00,32920.5,24,24.0,-2.6121555460233408,0.11,0.04,0.0,-2.7621555460233407,3.007085065155975,4.178561391571878,29.907613720807277,8b8cf8982136e554,BTC_COMMON_PERIOD,BTC_COMMON_COST
c1bea9e481a23ac631f0,BTC,BYBIT_PERPETUAL,2021-03-08 20:00:00+00:00,2021-03-08 21:00:00+00:00,51770.5,2021-03-09 20:00:00+00:00,2021-03-09 21:00:00+00:00,54391.0,24,24.0,5.061762973121758,0.11,0.04,0.0,4.911762973121758,5.851788180527521,0.6866845017915608,25.02205430159985,8b8cf8982136e554,BTC_COMMON_PERIOD,BTC_COMMON_COST
747556afcc943968aba4,BTC,BYBIT_PERPETUAL,2022-06-07 19:00:00+00:00,2022-06-07 20:00:00+00:00,31049.5,2022-06-08 19:00:00+00:00,2022-06-08 20:00:00+00:00,30131.5,24,24.0,-2.9565693489428173,0.11,0.04,0.0,-3.106569348942817,1.7665340826744393,3.9662474435981254,36.00528641498154,8b8cf8982136e554,BTC_COMMON_PERIOD,BTC_COMMON_COST
ca97933c4649a44c2a9e,BTC,BYBIT_PERPETUAL,2023-01-25 21:00:00+00:00,2023-01-25 22:00:00+00:00,23618.0,2023-01-26 21:00:00+00:00,2023-01-26 22:00:00+00:00,23082.5,24,24.0,-2.2673384706579727,0.11,0.04,0.0,-2.4173384706579726,1.0881531035650776,3.4571089846727068,29.73335006391264,8b8cf8982136e554,BTC_COMMON_PERIOD,BTC_COMMON_COST
fc10944515b4934bafe3,BTC,BYBIT_PERPETUAL,2023-02-17 19:00:00+00:00,2023-02-17 20:00:00+00:00,24526.8,2023-02-18 19:00:00+00:00,2023-02-18 20:00:00+00:00,24607.0,24,24.0,0.32698925257269895,0.11,0.04,0.0,0.17698925257269896,2.1083060162760825,1.9456268245347976,27.798782267379494,8b8cf8982136e554,BTC_COMMON_PERIOD,BTC_COMMON_COST
85ea2f679c281e4e57eb,BTC,BYBIT_PERPETUAL,2023-08-14 04:00:00+00:00,2023-08-14 05:00:00+00:00,29400.4,2023-08-15 04:00:00+00:00,2023-08-15 05:00:00+00:00,29369.5,24,24.0,-0.10510061087604745,0.11,0.04,0.0,-0.25510061087604746,0.9510074692861272,0.5795839512387635,29.668408560139795,8b8cf8982136e554,BTC_COMMON_PERIOD,BTC_COMMON_COST
babfa64a6ca335c4c1db,BTC,BYBIT_PERPETUAL,2023-09-15 22:00:00+00:00,2023-09-15 23:00:00+00:00,26761.3,2023-09-16 22:00:00+00:00,2023-09-16 23:00:00+00:00,26547.0,24,24.0,-0.8007832205460844,0.11,0.04,0.0,-0.9507832205460844,0.48428140635919104,1.2379817123981245,25.857593247531817,8b8cf8982136e554,BTC_COMMON_PERIOD,BTC_COMMON_COST
1dadb0c5d18dd7630eae,BTC,BYBIT_PERPETUAL,2023-11-07 18:00:00+00:00,2023-11-07 19:00:00+00:00,35408.9,2023-11-08 18:00:00+00:00,2023-11-08 19:00:00+00:00,35622.2,24,24.0,0.6023909243156258,0.11,0.04,0.0,0.45239092431562583,1.4657331913727902,0.9429832612704756,25.826768990275777,8b8cf8982136e554,BTC_COMMON_PERIOD,BTC_COMMON_COST
bde1ce54d45394074ebc,BTC,BYBIT_PERPETUAL,2024-01-04 21:00:00+00:00,2024-01-04 22:00:00+00:00,44456.0,2024-01-05 21:00:00+00:00,2024-01-05 22:00:00+00:00,43957.7,24,24.0,-1.120883570271736,0.11,0.04,0.0,-1.270883570271736,0.7139643692639946,5.1174194709375564,29.71089516763064,8b8cf8982136e554,BTC_COMMON_PERIOD,BTC_COMMON_COST
959976ed55f7d5b1bdfe,BTC,BYBIT_PERPETUAL,2024-02-01 19:00:00+00:00,2024-02-01 20:00:00+00:00,43201.1,2024-02-02 19:00:00+00:00,2024-02-02 20:00:00+00:00,43041.0,24,24.0,-0.370592415470899,0.11,0.04,0.0,-0.520592415470899,0.6379467189492827,1.575885799204177,27.76553510767949,8b8cf8982136e554,BTC_COMMON_PERIOD,BTC_COMMON_COST
4dcdde171036d7f6cfe8,BTC,BYBIT_PERPETUAL,2024-02-26 15:00:00+00:00,2024-02-26 16:00:00+00:00,52899.2,2024-02-27 15:00:00+00:00,2024-02-27 16:00:00+00:00,56780.0,24,24.0,7.336216804791004,0.11,0.04,0.0,7.1862168047910036,8.886334764987,0.1691897041921239,25.503323408277993,8b8cf8982136e554,BTC_COMMON_PERIOD,BTC_COMMON_COST
04ea19cf03e18257ca67,BTC,BYBIT_PERPETUAL,2024-05-15 12:00:00+00:00,2024-05-15 13:00:00+00:00,63727.1,2024-05-16 12:00:00+00:00,2024-05-16 13:00:00+00:00,65970.0,24,24.0,3.5195387833433527,0.11,0.04,0.0,3.3695387833433528,4.77489168658232,0.3563633054069596,33.428654927930005,8b8cf8982136e554,BTC_COMMON_PERIOD,BTC_COMMON_COST
77416a3b8569becdf051,BTC,BYBIT_PERPETUAL,2024-05-17 14:00:00+00:00,2024-05-17 15:00:00+00:00,66799.9,2024-05-18 14:00:00+00:00,2024-05-18 15:00:00+00:00,66760.9,24,24.0,-0.05838332093311518,0.11,0.04,0.0,-0.20838332093311518,0.9639235986880351,0.9564385575427423,37.861187695108555,8b8cf8982136e554,BTC_COMMON_PERIOD,BTC_COMMON_COST
eaa60e5b5d03ffc88685,BTC,BYBIT_PERPETUAL,2024-09-17 10:00:00+00:00,2024-09-17 11:00:00+00:00,59210.0,2024-09-18 10:00:00+00:00,2024-09-18 11:00:00+00:00,59884.5,24,24.0,1.1391656814727242,0.11,0.04,0.0,0.9891656814727241,3.5804762709001863,0.6274277993582166,27.816273986999153,8b8cf8982136e554,BTC_COMMON_PERIOD,BTC_COMMON_COST
3af049b2b889bb4d3c56,BTC,BYBIT_PERPETUAL,2025-01-20 06:00:00+00:00,2025-01-20 07:00:00+00:00,107542.7,2025-01-21 06:00:00+00:00,2025-01-21 07:00:00+00:00,102161.9,24,24.0,-5.003407948656676,0.11,0.04,0.0,-5.153407948656676,1.9260256623648122,7.013679217650289,26.264820129677375,8b8cf8982136e554,BTC_COMMON_PERIOD,BTC_COMMON_COST
2fce9ed7f1faed3739b3,BTC,BYBIT_PERPETUAL,2025-03-25 19:00:00+00:00,2025-03-25 20:00:00+00:00,88053.8,2025-03-26 19:00:00+00:00,2025-03-26 20:00:00+00:00,86518.6,24,24.0,-1.7434795545450588,0.11,0.04,0.0,-1.893479554545059,0.506735654792862,2.559457967742445,28.052129363118322,8b8cf8982136e554,BTC_COMMON_PERIOD,BTC_COMMON_COST
2ecf060fd5102c1d7ce4,BTC,BYBIT_PERPETUAL,2025-05-18 22:00:00+00:00,2025-05-18 23:00:00+00:00,105936.9,2025-05-19 22:00:00+00:00,2025-05-19 23:00:00+00:00,105512.4,24,24.0,-0.40071023411106044,0.11,0.04,0.0,-0.5507102341110605,1.130295487219287,3.716268835504904,26.151016097750947,8b8cf8982136e554,BTC_COMMON_PERIOD,BTC_COMMON_COST
1b1582bab20131ac5a47,BTC,BYBIT_PERPETUAL,2025-08-10 03:00:00+00:00,2025-08-10 04:00:00+00:00,118488.9,2025-08-11 03:00:00+00:00,2025-08-11 04:00:00+00:00,121709.4,24,24.0,2.717976114218294,0.11,0.04,0.0,2.567976114218294,3.3185386985616425,0.8928262478594993,29.1138669944345,8b8cf8982136e554,BTC_COMMON_PERIOD,BTC_COMMON_COST
a6db48b7166e622a6111,BTC,BYBIT_PERPETUAL,2025-09-30 19:00:00+00:00,2025-09-30 20:00:00+00:00,114314.7,2025-10-01 19:00:00+00:00,2025-10-01 20:00:00+00:00,117369.3,24,24.0,2.672097289325,0.11,0.04,0.0,2.522097289325,3.355036578847692,0.5230298465551624,29.1477815683732,8b8cf8982136e554,BTC_COMMON_PERIOD,BTC_COMMON_COST
b7c6cd092d253b541f9c,BTC,BYBIT_PERPETUAL,2026-04-13 14:00:00+00:00,2026-04-13 15:00:00+00:00,72348.4,2026-04-14 14:00:00+00:00,2026-04-14 15:00:00+00:00,74974.2,24,24.0,3.6293822669195217,0.11,0.04,0.0,3.479382266919522,5.061480281526625,1.0210315639323013,31.429523124190656,8b8cf8982136e554,BTC_COMMON_PERIOD,BTC_COMMON_COST
fa83826795431f0d052b,BTC,BYBIT_PERPETUAL,2026-05-05 02:00:00+00:00,2026-05-05 03:00:00+00:00,80520.6,2026-05-06 02:00:00+00:00,2026-05-06 03:00:00+00:00,81331.3,24,24.0,1.0068230986853017,0.11,0.04,0.0,0.8568230986853017,1.5727652302640494,0.12754500090661475,25.6544131535365,8b8cf8982136e554,BTC_COMMON_PERIOD,BTC_COMMON_COST
2559226ed0b43f7e5261,BTC,BYBIT_PERPETUAL,2026-06-14 21:00:00+00:00,2026-06-14 22:00:00+00:00,65286.6,2026-06-15 21:00:00+00:00,2026-06-15 22:00:00+00:00,66337.2,24,24.0,1.6092123039030959,0.11,0.04,0.0,1.4592123039030958,3.047179666271488,0.5615241106138145,27.657118736569963,8b8cf8982136e554,BTC_COMMON_PERIOD,BTC_COMMON_COST
5eadfe255d791073eccd,BTC,OKX_PERPETUAL,2020-04-01 22:00:00+00:00,2020-04-01 23:00:00+00:00,6518.0,2020-04-02 22:00:00+00:00,2020-04-02 23:00:00+00:00,6844.7,24,24.0,5.012273703590055,0.0,0.0,0.0,5.012273703590055,11.549555078244863,0.33752684872660327,30.048380413546855,8b8cf8982136e554,BTC_COMMON_PERIOD,BTC_COMMON_GROSS
605570afb43c065b7ad9,BTC,OKX_PERPETUAL,2021-01-03 05:00:00+00:00,2021-01-03 06:00:00+00:00,33795.0,2021-01-04 05:00:00+00:00,2021-01-04 06:00:00+00:00,32921.6,24,24.0,-2.5844059772155688,0.0,0.0,0.0,-2.5844059772155688,3.105488977659417,4.326083740198254,29.478851251970084,8b8cf8982136e554,BTC_COMMON_PERIOD,BTC_COMMON_GROSS
7e76f24a9010fdbde576,BTC,OKX_PERPETUAL,2021-02-11 13:00:00+00:00,2021-02-11 14:00:00+00:00,47638.5,2021-02-12 13:00:00+00:00,2021-02-12 14:00:00+00:00,47929.5,24,24.0,0.610850467583992,0.0,0.0,0.0,0.610850467583992,3.225752280193535,2.2492311890592696,25.348135872593577,8b8cf8982136e554,BTC_COMMON_PERIOD,BTC_COMMON_GROSS
c3b974e0068f1fcee6ca,BTC,OKX_PERPETUAL,2021-12-26 21:00:00+00:00,2021-12-26 22:00:00+00:00,50787.0,2021-12-27 21:00:00+00:00,2021-12-27 22:00:00+00:00,50966.4,24,24.0,0.3532400023628123,0.0,0.0,0.0,0.3532400023628123,2.584125858979663,0.6609959241538131,25.979451695815442,8b8cf8982136e554,BTC_COMMON_PERIOD,BTC_COMMON_GROSS
fadf7c0098affe2eb198,BTC,OKX_PERPETUAL,2022-06-07 19:00:00+00:00,2022-06-07 20:00:00+00:00,31065.0,2022-06-08 19:00:00+00:00,2022-06-08 20:00:00+00:00,30141.0,24,24.0,-2.9744084983099954,0.0,0.0,0.0,-2.9744084983099954,1.7115725092547909,3.9922742636407555,35.09471129975776,8b8cf8982136e554,BTC_COMMON_PERIOD,BTC_COMMON_GROSS
fb5311e1f3e08285c7bf,BTC,OKX_PERPETUAL,2022-08-10 12:00:00+00:00,2022-08-10 13:00:00+00:00,23983.2,2022-08-11 12:00:00+00:00,2022-08-11 13:00:00+00:00,24857.4,24,24.0,3.645051536075256,0.0,0.0,0.0,3.645051536075256,3.926915507521929,2.1273224590546747,35.087467894992564,8b8cf8982136e554,BTC_COMMON_PERIOD,BTC_COMMON_GROSS
4d4350f34782ff7f500e,BTC,OKX_PERPETUAL,2023-01-25 21:00:00+00:00,2023-01-25 22:00:00+00:00,23599.9,2023-01-26 21:00:00+00:00,2023-01-26 22:00:00+00:00,23083.3,24,24.0,-2.1889923262386795,0.0,0.0,0.0,-2.1889923262386795,0.987716049644272,3.3508616561934703,28.98850482251155,8b8cf8982136e554,BTC_COMMON_PERIOD,BTC_COMMON_GROSS
7b638a0c49a264836079,BTC,OKX_PERPETUAL,2023-02-17 19:00:00+00:00,2023-02-17 20:00:00+00:00,24526.5,2023-02-18 19:00:00+00:00,2023-02-18 20:00:00+00:00,24601.9,24,24.0,0.307422583735965,0.0,0.0,0.0,0.307422583735965,2.089576580433409,1.937496177603819,28.333729445386915,8b8cf8982136e554,BTC_COMMON_PERIOD,BTC_COMMON_GROSS
5eaa7eaa0d7999b30f6e,BTC,OKX_PERPETUAL,2023-03-26 13:00:00+00:00,2023-03-26 14:00:00+00:00,28154.1,2023-03-27 13:00:00+00:00,2023-03-27 14:00:00+00:00,27697.0,24,24.0,-1.6235645962754932,0.0,0.0,0.0,-1.6235645962754932,0.029480608508184993,1.9041631591846253,25.10980821236595,8b8cf8982136e554,BTC_COMMON_PERIOD,BTC_COMMON_GROSS
c8694e47ae93cd73501f,BTC,OKX_PERPETUAL,2023-08-14 04:00:00+00:00,2023-08-14 05:00:00+00:00,29412.9,2023-08-15 04:00:00+00:00,2023-08-15 05:00:00+00:00,29383.6,24,24.0,-0.09961615481643399,0.0,0.0,0.0,-0.09961615481643399,0.9676026505376842,0.5538386218292024,29.41198354040195,8b8cf8982136e554,BTC_COMMON_PERIOD,BTC_COMMON_GROSS
ca1c6b9e057f2c25f831,BTC,OKX_PERPETUAL,2023-09-15 22:00:00+00:00,2023-09-15 23:00:00+00:00,26776.9,2023-09-16 22:00:00+00:00,2023-09-16 23:00:00+00:00,26557.8,24,24.0,-0.8182425896948571,0.0,0.0,0.0,-0.8182425896948571,0.45599005112615176,1.2540660046532754,26.44522145677292,8b8cf8982136e554,BTC_COMMON_PERIOD,BTC_COMMON_GROSS
3dd9686e6237f7b13746,BTC,OKX_PERPETUAL,2023-10-29 12:00:00+00:00,2023-10-29 13:00:00+00:00,34430.0,2023-10-30 12:00:00+00:00,2023-10-30 13:00:00+00:00,34587.5,24,24.0,0.45744989834446703,0.0,0.0,0.0,0.45744989834446703,1.313389485913439,0.9541097879756026,25.48967635187319,8b8cf8982136e554,BTC_COMMON_PERIOD,BTC_COMMON_GROSS
b29df19f841540bcf372,BTC,OKX_PERPETUAL,2024-01-04 21:00:00+00:00,2024-01-04 22:00:00+00:00,44434.6,2024-01-05 21:00:00+00:00,2024-01-05 22:00:00+00:00,43953.5,24,24.0,-1.082714821332922,0.0,0.0,0.0,-1.082714821332922,0.702830676994961,4.917789290327801,30.29748966466041,8b8cf8982136e554,BTC_COMMON_PERIOD,BTC_COMMON_GROSS
1c1fa9644bebc53429be,BTC,OKX_PERPETUAL,2024-02-26 15:00:00+00:00,2024-02-26 16:00:00+00:00,52849.1,2024-02-27 15:00:00+00:00,2024-02-27 16:00:00+00:00,56757.8,24,24.0,7.3959632235932204,0.0,0.0,0.0,7.3959632235932204,9.067893303764876,0.16916087501963412,25.48596177201681,8b8cf8982136e554,BTC_COMMON_PERIOD,BTC_COMMON_GROSS
db6a4d14f69f53163624,BTC,OKX_PERPETUAL,2024-05-15 12:00:00+00:00,2024-05-15 13:00:00+00:00,63747.3,2024-05-16 12:00:00+00:00,2024-05-16 13:00:00+00:00,66002.4,24,24.0,3.5375615908438336,0.0,0.0,0.0,3.5375615908438336,4.787183143442933,0.34558326391863325,31.766873650203795,8b8cf8982136e554,BTC_COMMON_PERIOD,BTC_COMMON_GROSS
7f71f3dfb06ff2b39a59,BTC,OKX_PERPETUAL,2024-05-17 14:00:00+00:00,2024-05-17 15:00:00+00:00,66826.8,2024-05-18 14:00:00+00:00,2024-05-18 15:00:00+00:00,66792.4,24,24.0,-0.05147635379818984,0.0,0.0,0.0,-0.05147635379818984,0.9475240472385287,0.9138549204810001,39.665077246810604,8b8cf8982136e554,BTC_COMMON_PERIOD,BTC_COMMON_GROSS
3f15b0b307e4dec850d2,BTC,OKX_PERPETUAL,2024-09-17 10:00:00+00:00,2024-09-17 11:00:00+00:00,59235.9,2024-09-18 10:00:00+00:00,2024-09-18 11:00:00+00:00,59909.7,24,24.0,1.1374858827163858,0.0,0.0,0.0,1.1374858827163858,3.595961232968518,0.6210760704235125,28.18440759570993,8b8cf8982136e554,BTC_COMMON_PERIOD,BTC_COMMON_GROSS
8bd4d6490b18f22ba7f0,BTC,OKX_PERPETUAL,2024-12-01 21:00:00+00:00,2024-12-01 22:00:00+00:00,97805.4,2024-12-02 21:00:00+00:00,2024-12-02 22:00:00+00:00,95425.7,24,24.0,-2.433096741079733,0.0,0.0,0.0,-2.433096741079733,0.4544738838550837,3.490298081701008,29.131048126894285,8b8cf8982136e554,BTC_COMMON_PERIOD,BTC_COMMON_GROSS
8fd6b2b39c95683ada2c,BTC,OKX_PERPETUAL,2025-01-20 06:00:00+00:00,2025-01-20 07:00:00+00:00,107586.3,2025-01-21 06:00:00+00:00,2025-01-21 07:00:00+00:00,102176.6,24,24.0,-5.028242443508138,0.0,0.0,0.0,-5.028242443508138,1.9036810448913952,6.946330527213969,26.583308133935372,8b8cf8982136e554,BTC_COMMON_PERIOD,BTC_COMMON_GROSS
f88633b64d60400b8374,BTC,OKX_PERPETUAL,2025-03-25 19:00:00+00:00,2025-03-25 20:00:00+00:00,88116.1,2025-03-26 19:00:00+00:00,2025-03-26 20:00:00+00:00,86550.6,24,24.0,-1.7766333280751188,0.0,0.0,0.0,-1.7766333280751188,0.49809285703747,2.586133521569841,27.978586529367604,8b8cf8982136e554,BTC_COMMON_PERIOD,BTC_COMMON_GROSS
6b104e6f03a3ed1c6208,BTC,OKX_PERPETUAL,2025-05-18 22:00:00+00:00,2025-05-18 23:00:00+00:00,105913.6,2025-05-19 22:00:00+00:00,2025-05-19 23:00:00+00:00,105518.0,24,24.0,-0.37351199468246365,0.0,0.0,0.0,-0.37351199468246365,1.1666112756057685,3.671483171188597,26.417558377360407,8b8cf8982136e554,BTC_COMMON_PERIOD,BTC_COMMON_GROSS
8fe0bcd9df179f644ca5,BTC,OKX_PERPETUAL,2025-08-10 03:00:00+00:00,2025-08-10 04:00:00+00:00,118518.6,2025-08-11 03:00:00+00:00,2025-08-11 04:00:00+00:00,121706.0,24,24.0,2.6893669010602506,0.0,0.0,0.0,2.6893669010602506,3.079938507542266,0.9309087350002471,28.60589651549541,8b8cf8982136e554,BTC_COMMON_PERIOD,BTC_COMMON_GROSS
a82db53fd0ec92d096d4,BTC,OKX_PERPETUAL,2025-09-30 19:00:00+00:00,2025-09-30 20:00:00+00:00,114302.9,2025-10-01 19:00:00+00:00,2025-10-01 20:00:00+00:00,117382.4,24,24.0,2.694157366086075,0.0,0.0,0.0,2.694157366086075,3.391952435152569,0.5082110777591768,29.077485271744983,8b8cf8982136e554,BTC_COMMON_PERIOD,BTC_COMMON_GROSS
119510af2d77abd510fd,BTC,OKX_PERPETUAL,2026-04-13 14:00:00+00:00,2026-04-13 15:00:00+00:00,72347.0,2026-04-14 14:00:00+00:00,2026-04-14 15:00:00+00:00,74970.0,24,24.0,3.6255822632590156,0.0,0.0,0.0,3.6255822632590156,5.049276403997402,1.007367271621495,29.641903534928975,8b8cf8982136e554,BTC_COMMON_PERIOD,BTC_COMMON_GROSS
91a4b1589ebc3f17f4f5,BTC,OKX_PERPETUAL,2026-05-05 02:00:00+00:00,2026-05-05 03:00:00+00:00,80526.8,2026-05-06 02:00:00+00:00,2026-05-06 03:00:00+00:00,81327.9,24,24.0,0.9948240834107294,0.0,0.0,0.0,0.9948240834107294,1.5716506802704084,0.1481494359641795,25.39173327360431,8b8cf8982136e554,BTC_COMMON_PERIOD,BTC_COMMON_GROSS
915c93d124e177171a4b,BTC,OKX_PERPETUAL,2026-06-14 21:00:00+00:00,2026-06-14 22:00:00+00:00,65276.9,2026-06-15 21:00:00+00:00,2026-06-15 22:00:00+00:00,66341.1,24,24.0,1.6302857519275644,0.0,0.0,0.0,1.6302857519275644,3.07459453497331,0.5798375841990046,27.567680570535792,8b8cf8982136e554,BTC_COMMON_PERIOD,BTC_COMMON_GROSS
5eadfe255d791073eccd,BTC,OKX_PERPETUAL,2020-04-01 22:00:00+00:00,2020-04-01 23:00:00+00:00,6518.0,2020-04-02 22:00:00+00:00,2020-04-02 23:00:00+00:00,6844.7,24,24.0,5.012273703590055,0.11,0.04,0.0,4.862273703590055,11.549555078244863,0.33752684872660327,30.048380413546855,8b8cf8982136e554,BTC_COMMON_PERIOD,BTC_COMMON_COST
605570afb43c065b7ad9,BTC,OKX_PERPETUAL,2021-01-03 05:00:00+00:00,2021-01-03 06:00:00+00:00,33795.0,2021-01-04 05:00:00+00:00,2021-01-04 06:00:00+00:00,32921.6,24,24.0,-2.5844059772155688,0.11,0.04,0.0,-2.7344059772155687,3.105488977659417,4.326083740198254,29.478851251970084,8b8cf8982136e554,BTC_COMMON_PERIOD,BTC_COMMON_COST
7e76f24a9010fdbde576,BTC,OKX_PERPETUAL,2021-02-11 13:00:00+00:00,2021-02-11 14:00:00+00:00,47638.5,2021-02-12 13:00:00+00:00,2021-02-12 14:00:00+00:00,47929.5,24,24.0,0.610850467583992,0.11,0.04,0.0,0.460850467583992,3.225752280193535,2.2492311890592696,25.348135872593577,8b8cf8982136e554,BTC_COMMON_PERIOD,BTC_COMMON_COST
c3b974e0068f1fcee6ca,BTC,OKX_PERPETUAL,2021-12-26 21:00:00+00:00,2021-12-26 22:00:00+00:00,50787.0,2021-12-27 21:00:00+00:00,2021-12-27 22:00:00+00:00,50966.4,24,24.0,0.3532400023628123,0.11,0.04,0.0,0.20324000236281228,2.584125858979663,0.6609959241538131,25.979451695815442,8b8cf8982136e554,BTC_COMMON_PERIOD,BTC_COMMON_COST
fadf7c0098affe2eb198,BTC,OKX_PERPETUAL,2022-06-07 19:00:00+00:00,2022-06-07 20:00:00+00:00,31065.0,2022-06-08 19:00:00+00:00,2022-06-08 20:00:00+00:00,30141.0,24,24.0,-2.9744084983099954,0.11,0.04,0.0,-3.1244084983099953,1.7115725092547909,3.9922742636407555,35.09471129975776,8b8cf8982136e554,BTC_COMMON_PERIOD,BTC_COMMON_COST
fb5311e1f3e08285c7bf,BTC,OKX_PERPETUAL,2022-08-10 12:00:00+00:00,2022-08-10 13:00:00+00:00,23983.2,2022-08-11 12:00:00+00:00,2022-08-11 13:00:00+00:00,24857.4,24,24.0,3.645051536075256,0.11,0.04,0.0,3.495051536075256,3.926915507521929,2.1273224590546747,35.087467894992564,8b8cf8982136e554,BTC_COMMON_PERIOD,BTC_COMMON_COST
4d4350f34782ff7f500e,BTC,OKX_PERPETUAL,2023-01-25 21:00:00+00:00,2023-01-25 22:00:00+00:00,23599.9,2023-01-26 21:00:00+00:00,2023-01-26 22:00:00+00:00,23083.3,24,24.0,-2.1889923262386795,0.11,0.04,0.0,-2.3389923262386794,0.987716049644272,3.3508616561934703,28.98850482251155,8b8cf8982136e554,BTC_COMMON_PERIOD,BTC_COMMON_COST
7b638a0c49a264836079,BTC,OKX_PERPETUAL,2023-02-17 19:00:00+00:00,2023-02-17 20:00:00+00:00,24526.5,2023-02-18 19:00:00+00:00,2023-02-18 20:00:00+00:00,24601.9,24,24.0,0.307422583735965,0.11,0.04,0.0,0.157422583735965,2.089576580433409,1.937496177603819,28.333729445386915,8b8cf8982136e554,BTC_COMMON_PERIOD,BTC_COMMON_COST
5eaa7eaa0d7999b30f6e,BTC,OKX_PERPETUAL,2023-03-26 13:00:00+00:00,2023-03-26 14:00:00+00:00,28154.1,2023-03-27 13:00:00+00:00,2023-03-27 14:00:00+00:00,27697.0,24,24.0,-1.6235645962754932,0.11,0.04,0.0,-1.7735645962754933,0.029480608508184993,1.9041631591846253,25.10980821236595,8b8cf8982136e554,BTC_COMMON_PERIOD,BTC_COMMON_COST
c8694e47ae93cd73501f,BTC,OKX_PERPETUAL,2023-08-14 04:00:00+00:00,2023-08-14 05:00:00+00:00,29412.9,2023-08-15 04:00:00+00:00,2023-08-15 05:00:00+00:00,29383.6,24,24.0,-0.09961615481643399,0.11,0.04,0.0,-0.24961615481643398,0.9676026505376842,0.5538386218292024,29.41198354040195,8b8cf8982136e554,BTC_COMMON_PERIOD,BTC_COMMON_COST
ca1c6b9e057f2c25f831,BTC,OKX_PERPETUAL,2023-09-15 22:00:00+00:00,2023-09-15 23:00:00+00:00,26776.9,2023-09-16 22:00:00+00:00,2023-09-16 23:00:00+00:00,26557.8,24,24.0,-0.8182425896948571,0.11,0.04,0.0,-0.9682425896948571,0.45599005112615176,1.2540660046532754,26.44522145677292,8b8cf8982136e554,BTC_COMMON_PERIOD,BTC_COMMON_COST
3dd9686e6237f7b13746,BTC,OKX_PERPETUAL,2023-10-29 12:00:00+00:00,2023-10-29 13:00:00+00:00,34430.0,2023-10-30 12:00:00+00:00,2023-10-30 13:00:00+00:00,34587.5,24,24.0,0.45744989834446703,0.11,0.04,0.0,0.30744989834446707,1.313389485913439,0.9541097879756026,25.48967635187319,8b8cf8982136e554,BTC_COMMON_PERIOD,BTC_COMMON_COST
b29df19f841540bcf372,BTC,OKX_PERPETUAL,2024-01-04 21:00:00+00:00,2024-01-04 22:00:00+00:00,44434.6,2024-01-05 21:00:00+00:00,2024-01-05 22:00:00+00:00,43953.5,24,24.0,-1.082714821332922,0.11,0.04,0.0,-1.2327148213329222,0.702830676994961,4.917789290327801,30.29748966466041,8b8cf8982136e554,BTC_COMMON_PERIOD,BTC_COMMON_COST
1c1fa9644bebc53429be,BTC,OKX_PERPETUAL,2024-02-26 15:00:00+00:00,2024-02-26 16:00:00+00:00,52849.1,2024-02-27 15:00:00+00:00,2024-02-27 16:00:00+00:00,56757.8,24,24.0,7.3959632235932204,0.11,0.04,0.0,7.24596322359322,9.067893303764876,0.16916087501963412,25.48596177201681,8b8cf8982136e554,BTC_COMMON_PERIOD,BTC_COMMON_COST
db6a4d14f69f53163624,BTC,OKX_PERPETUAL,2024-05-15 12:00:00+00:00,2024-05-15 13:00:00+00:00,63747.3,2024-05-16 12:00:00+00:00,2024-05-16 13:00:00+00:00,66002.4,24,24.0,3.5375615908438336,0.11,0.04,0.0,3.3875615908438337,4.787183143442933,0.34558326391863325,31.766873650203795,8b8cf8982136e554,BTC_COMMON_PERIOD,BTC_COMMON_COST
7f71f3dfb06ff2b39a59,BTC,OKX_PERPETUAL,2024-05-17 14:00:00+00:00,2024-05-17 15:00:00+00:00,66826.8,2024-05-18 14:00:00+00:00,2024-05-18 15:00:00+00:00,66792.4,24,24.0,-0.05147635379818984,0.11,0.04,0.0,-0.20147635379818984,0.9475240472385287,0.9138549204810001,39.665077246810604,8b8cf8982136e554,BTC_COMMON_PERIOD,BTC_COMMON_COST
3f15b0b307e4dec850d2,BTC,OKX_PERPETUAL,2024-09-17 10:00:00+00:00,2024-09-17 11:00:00+00:00,59235.9,2024-09-18 10:00:00+00:00,2024-09-18 11:00:00+00:00,59909.7,24,24.0,1.1374858827163858,0.11,0.04,0.0,0.9874858827163857,3.595961232968518,0.6210760704235125,28.18440759570993,8b8cf8982136e554,BTC_COMMON_PERIOD,BTC_COMMON_COST
8bd4d6490b18f22ba7f0,BTC,OKX_PERPETUAL,2024-12-01 21:00:00+00:00,2024-12-01 22:00:00+00:00,97805.4,2024-12-02 21:00:00+00:00,2024-12-02 22:00:00+00:00,95425.7,24,24.0,-2.433096741079733,0.11,0.04,0.0,-2.583096741079733,0.4544738838550837,3.490298081701008,29.131048126894285,8b8cf8982136e554,BTC_COMMON_PERIOD,BTC_COMMON_COST
8fd6b2b39c95683ada2c,BTC,OKX_PERPETUAL,2025-01-20 06:00:00+00:00,2025-01-20 07:00:00+00:00,107586.3,2025-01-21 06:00:00+00:00,2025-01-21 07:00:00+00:00,102176.6,24,24.0,-5.028242443508138,0.11,0.04,0.0,-5.178242443508139,1.9036810448913952,6.946330527213969,26.583308133935372,8b8cf8982136e554,BTC_COMMON_PERIOD,BTC_COMMON_COST
f88633b64d60400b8374,BTC,OKX_PERPETUAL,2025-03-25 19:00:00+00:00,2025-03-25 20:00:00+00:00,88116.1,2025-03-26 19:00:00+00:00,2025-03-26 20:00:00+00:00,86550.6,24,24.0,-1.7766333280751188,0.11,0.04,0.0,-1.926633328075119,0.49809285703747,2.586133521569841,27.978586529367604,8b8cf8982136e554,BTC_COMMON_PERIOD,BTC_COMMON_COST
6b104e6f03a3ed1c6208,BTC,OKX_PERPETUAL,2025-05-18 22:00:00+00:00,2025-05-18 23:00:00+00:00,105913.6,2025-05-19 22:00:00+00:00,2025-05-19 23:00:00+00:00,105518.0,24,24.0,-0.37351199468246365,0.11,0.04,0.0,-0.5235119946824637,1.1666112756057685,3.671483171188597,26.417558377360407,8b8cf8982136e554,BTC_COMMON_PERIOD,BTC_COMMON_COST
8fe0bcd9df179f644ca5,BTC,OKX_PERPETUAL,2025-08-10 03:00:00+00:00,2025-08-10 04:00:00+00:00,118518.6,2025-08-11 03:00:00+00:00,2025-08-11 04:00:00+00:00,121706.0,24,24.0,2.6893669010602506,0.11,0.04,0.0,2.5393669010602506,3.079938507542266,0.9309087350002471,28.60589651549541,8b8cf8982136e554,BTC_COMMON_PERIOD,BTC_COMMON_COST
a82db53fd0ec92d096d4,BTC,OKX_PERPETUAL,2025-09-30 19:00:00+00:00,2025-09-30 20:00:00+00:00,114302.9,2025-10-01 19:00:00+00:00,2025-10-01 20:00:00+00:00,117382.4,24,24.0,2.694157366086075,0.11,0.04,0.0,2.544157366086075,3.391952435152569,0.5082110777591768,29.077485271744983,8b8cf8982136e554,BTC_COMMON_PERIOD,BTC_COMMON_COST
119510af2d77abd510fd,BTC,OKX_PERPETUAL,2026-04-13 14:00:00+00:00,2026-04-13 15:00:00+00:00,72347.0,2026-04-14 14:00:00+00:00,2026-04-14 15:00:00+00:00,74970.0,24,24.0,3.6255822632590156,0.11,0.04,0.0,3.4755822632590156,5.049276403997402,1.007367271621495,29.641903534928975,8b8cf8982136e554,BTC_COMMON_PERIOD,BTC_COMMON_COST
91a4b1589ebc3f17f4f5,BTC,OKX_PERPETUAL,2026-05-05 02:00:00+00:00,2026-05-05 03:00:00+00:00,80526.8,2026-05-06 02:00:00+00:00,2026-05-06 03:00:00+00:00,81327.9,24,24.0,0.9948240834107294,0.11,0.04,0.0,0.8448240834107293,1.5716506802704084,0.1481494359641795,25.39173327360431,8b8cf8982136e554,BTC_COMMON_PERIOD,BTC_COMMON_COST
915c93d124e177171a4b,BTC,OKX_PERPETUAL,2026-06-14 21:00:00+00:00,2026-06-14 22:00:00+00:00,65276.9,2026-06-15 21:00:00+00:00,2026-06-15 22:00:00+00:00,66341.1,24,24.0,1.6302857519275644,0.11,0.04,0.0,1.4802857519275643,3.07459453497331,0.5798375841990046,27.567680570535792,8b8cf8982136e554,BTC_COMMON_PERIOD,BTC_COMMON_COST
747556afcc943968aba4,BTC,BYBIT_PERPETUAL,2022-06-07 19:00:00+00:00,2022-06-07 20:00:00+00:00,31049.5,2022-06-08 19:00:00+00:00,2022-06-08 20:00:00+00:00,30131.5,24,24.0,-2.9565693489428173,0.0,0.0,0.0,-2.9565693489428173,1.7665340826744393,3.9662474435981254,36.00528641498154,8b8cf8982136e554,ASSET_COMMON_PERIOD,ASSET_COMMON_GROSS
ca97933c4649a44c2a9e,BTC,BYBIT_PERPETUAL,2023-01-25 21:00:00+00:00,2023-01-25 22:00:00+00:00,23618.0,2023-01-26 21:00:00+00:00,2023-01-26 22:00:00+00:00,23082.5,24,24.0,-2.2673384706579727,0.0,0.0,0.0,-2.2673384706579727,1.0881531035650776,3.4571089846727068,29.73335006391264,8b8cf8982136e554,ASSET_COMMON_PERIOD,ASSET_COMMON_GROSS
fc10944515b4934bafe3,BTC,BYBIT_PERPETUAL,2023-02-17 19:00:00+00:00,2023-02-17 20:00:00+00:00,24526.8,2023-02-18 19:00:00+00:00,2023-02-18 20:00:00+00:00,24607.0,24,24.0,0.32698925257269895,0.0,0.0,0.0,0.32698925257269895,2.1083060162760825,1.9456268245347976,27.798782267379494,8b8cf8982136e554,ASSET_COMMON_PERIOD,ASSET_COMMON_GROSS
85ea2f679c281e4e57eb,BTC,BYBIT_PERPETUAL,2023-08-14 04:00:00+00:00,2023-08-14 05:00:00+00:00,29400.4,2023-08-15 04:00:00+00:00,2023-08-15 05:00:00+00:00,29369.5,24,24.0,-0.10510061087604745,0.0,0.0,0.0,-0.10510061087604745,0.9510074692861272,0.5795839512387635,29.668408560139795,8b8cf8982136e554,ASSET_COMMON_PERIOD,ASSET_COMMON_GROSS
babfa64a6ca335c4c1db,BTC,BYBIT_PERPETUAL,2023-09-15 22:00:00+00:00,2023-09-15 23:00:00+00:00,26761.3,2023-09-16 22:00:00+00:00,2023-09-16 23:00:00+00:00,26547.0,24,24.0,-0.8007832205460844,0.0,0.0,0.0,-0.8007832205460844,0.48428140635919104,1.2379817123981245,25.857593247531817,8b8cf8982136e554,ASSET_COMMON_PERIOD,ASSET_COMMON_GROSS
1dadb0c5d18dd7630eae,BTC,BYBIT_PERPETUAL,2023-11-07 18:00:00+00:00,2023-11-07 19:00:00+00:00,35408.9,2023-11-08 18:00:00+00:00,2023-11-08 19:00:00+00:00,35622.2,24,24.0,0.6023909243156258,0.0,0.0,0.0,0.6023909243156258,1.4657331913727902,0.9429832612704756,25.826768990275777,8b8cf8982136e554,ASSET_COMMON_PERIOD,ASSET_COMMON_GROSS
bde1ce54d45394074ebc,BTC,BYBIT_PERPETUAL,2024-01-04 21:00:00+00:00,2024-01-04 22:00:00+00:00,44456.0,2024-01-05 21:00:00+00:00,2024-01-05 22:00:00+00:00,43957.7,24,24.0,-1.120883570271736,0.0,0.0,0.0,-1.120883570271736,0.7139643692639946,5.1174194709375564,29.71089516763064,8b8cf8982136e554,ASSET_COMMON_PERIOD,ASSET_COMMON_GROSS
959976ed55f7d5b1bdfe,BTC,BYBIT_PERPETUAL,2024-02-01 19:00:00+00:00,2024-02-01 20:00:00+00:00,43201.1,2024-02-02 19:00:00+00:00,2024-02-02 20:00:00+00:00,43041.0,24,24.0,-0.370592415470899,0.0,0.0,0.0,-0.370592415470899,0.6379467189492827,1.575885799204177,27.76553510767949,8b8cf8982136e554,ASSET_COMMON_PERIOD,ASSET_COMMON_GROSS
4dcdde171036d7f6cfe8,BTC,BYBIT_PERPETUAL,2024-02-26 15:00:00+00:00,2024-02-26 16:00:00+00:00,52899.2,2024-02-27 15:00:00+00:00,2024-02-27 16:00:00+00:00,56780.0,24,24.0,7.336216804791004,0.0,0.0,0.0,7.336216804791004,8.886334764987,0.1691897041921239,25.503323408277993,8b8cf8982136e554,ASSET_COMMON_PERIOD,ASSET_COMMON_GROSS
04ea19cf03e18257ca67,BTC,BYBIT_PERPETUAL,2024-05-15 12:00:00+00:00,2024-05-15 13:00:00+00:00,63727.1,2024-05-16 12:00:00+00:00,2024-05-16 13:00:00+00:00,65970.0,24,24.0,3.5195387833433527,0.0,0.0,0.0,3.5195387833433527,4.77489168658232,0.3563633054069596,33.428654927930005,8b8cf8982136e554,ASSET_COMMON_PERIOD,ASSET_COMMON_GROSS
77416a3b8569becdf051,BTC,BYBIT_PERPETUAL,2024-05-17 14:00:00+00:00,2024-05-17 15:00:00+00:00,66799.9,2024-05-18 14:00:00+00:00,2024-05-18 15:00:00+00:00,66760.9,24,24.0,-0.05838332093311518,0.0,0.0,0.0,-0.05838332093311518,0.9639235986880351,0.9564385575427423,37.861187695108555,8b8cf8982136e554,ASSET_COMMON_PERIOD,ASSET_COMMON_GROSS
eaa60e5b5d03ffc88685,BTC,BYBIT_PERPETUAL,2024-09-17 10:00:00+00:00,2024-09-17 11:00:00+00:00,59210.0,2024-09-18 10:00:00+00:00,2024-09-18 11:00:00+00:00,59884.5,24,24.0,1.1391656814727242,0.0,0.0,0.0,1.1391656814727242,3.5804762709001863,0.6274277993582166,27.816273986999153,8b8cf8982136e554,ASSET_COMMON_PERIOD,ASSET_COMMON_GROSS
3af049b2b889bb4d3c56,BTC,BYBIT_PERPETUAL,2025-01-20 06:00:00+00:00,2025-01-20 07:00:00+00:00,107542.7,2025-01-21 06:00:00+00:00,2025-01-21 07:00:00+00:00,102161.9,24,24.0,-5.003407948656676,0.0,0.0,0.0,-5.003407948656676,1.9260256623648122,7.013679217650289,26.264820129677375,8b8cf8982136e554,ASSET_COMMON_PERIOD,ASSET_COMMON_GROSS
2fce9ed7f1faed3739b3,BTC,BYBIT_PERPETUAL,2025-03-25 19:00:00+00:00,2025-03-25 20:00:00+00:00,88053.8,2025-03-26 19:00:00+00:00,2025-03-26 20:00:00+00:00,86518.6,24,24.0,-1.7434795545450588,0.0,0.0,0.0,-1.7434795545450588,0.506735654792862,2.559457967742445,28.052129363118322,8b8cf8982136e554,ASSET_COMMON_PERIOD,ASSET_COMMON_GROSS
2ecf060fd5102c1d7ce4,BTC,BYBIT_PERPETUAL,2025-05-18 22:00:00+00:00,2025-05-18 23:00:00+00:00,105936.9,2025-05-19 22:00:00+00:00,2025-05-19 23:00:00+00:00,105512.4,24,24.0,-0.40071023411106044,0.0,0.0,0.0,-0.40071023411106044,1.130295487219287,3.716268835504904,26.151016097750947,8b8cf8982136e554,ASSET_COMMON_PERIOD,ASSET_COMMON_GROSS
1b1582bab20131ac5a47,BTC,BYBIT_PERPETUAL,2025-08-10 03:00:00+00:00,2025-08-10 04:00:00+00:00,118488.9,2025-08-11 03:00:00+00:00,2025-08-11 04:00:00+00:00,121709.4,24,24.0,2.717976114218294,0.0,0.0,0.0,2.717976114218294,3.3185386985616425,0.8928262478594993,29.1138669944345,8b8cf8982136e554,ASSET_COMMON_PERIOD,ASSET_COMMON_GROSS
a6db48b7166e622a6111,BTC,BYBIT_PERPETUAL,2025-09-30 19:00:00+00:00,2025-09-30 20:00:00+00:00,114314.7,2025-10-01 19:00:00+00:00,2025-10-01 20:00:00+00:00,117369.3,24,24.0,2.672097289325,0.0,0.0,0.0,2.672097289325,3.355036578847692,0.5230298465551624,29.1477815683732,8b8cf8982136e554,ASSET_COMMON_PERIOD,ASSET_COMMON_GROSS
b7c6cd092d253b541f9c,BTC,BYBIT_PERPETUAL,2026-04-13 14:00:00+00:00,2026-04-13 15:00:00+00:00,72348.4,2026-04-14 14:00:00+00:00,2026-04-14 15:00:00+00:00,74974.2,24,24.0,3.6293822669195217,0.0,0.0,0.0,3.6293822669195217,5.061480281526625,1.0210315639323013,31.429523124190656,8b8cf8982136e554,ASSET_COMMON_PERIOD,ASSET_COMMON_GROSS
fa83826795431f0d052b,BTC,BYBIT_PERPETUAL,2026-05-05 02:00:00+00:00,2026-05-05 03:00:00+00:00,80520.6,2026-05-06 02:00:00+00:00,2026-05-06 03:00:00+00:00,81331.3,24,24.0,1.0068230986853017,0.0,0.0,0.0,1.0068230986853017,1.5727652302640494,0.12754500090661475,25.6544131535365,8b8cf8982136e554,ASSET_COMMON_PERIOD,ASSET_COMMON_GROSS
2559226ed0b43f7e5261,BTC,BYBIT_PERPETUAL,2026-06-14 21:00:00+00:00,2026-06-14 22:00:00+00:00,65286.6,2026-06-15 21:00:00+00:00,2026-06-15 22:00:00+00:00,66337.2,24,24.0,1.6092123039030959,0.0,0.0,0.0,1.6092123039030959,3.047179666271488,0.5615241106138145,27.657118736569963,8b8cf8982136e554,ASSET_COMMON_PERIOD,ASSET_COMMON_GROSS
747556afcc943968aba4,BTC,BYBIT_PERPETUAL,2022-06-07 19:00:00+00:00,2022-06-07 20:00:00+00:00,31049.5,2022-06-08 19:00:00+00:00,2022-06-08 20:00:00+00:00,30131.5,24,24.0,-2.9565693489428173,0.11,0.04,0.0,-3.106569348942817,1.7665340826744393,3.9662474435981254,36.00528641498154,8b8cf8982136e554,ASSET_COMMON_PERIOD,ASSET_COMMON_COST
ca97933c4649a44c2a9e,BTC,BYBIT_PERPETUAL,2023-01-25 21:00:00+00:00,2023-01-25 22:00:00+00:00,23618.0,2023-01-26 21:00:00+00:00,2023-01-26 22:00:00+00:00,23082.5,24,24.0,-2.2673384706579727,0.11,0.04,0.0,-2.4173384706579726,1.0881531035650776,3.4571089846727068,29.73335006391264,8b8cf8982136e554,ASSET_COMMON_PERIOD,ASSET_COMMON_COST
fc10944515b4934bafe3,BTC,BYBIT_PERPETUAL,2023-02-17 19:00:00+00:00,2023-02-17 20:00:00+00:00,24526.8,2023-02-18 19:00:00+00:00,2023-02-18 20:00:00+00:00,24607.0,24,24.0,0.32698925257269895,0.11,0.04,0.0,0.17698925257269896,2.1083060162760825,1.9456268245347976,27.798782267379494,8b8cf8982136e554,ASSET_COMMON_PERIOD,ASSET_COMMON_COST
85ea2f679c281e4e57eb,BTC,BYBIT_PERPETUAL,2023-08-14 04:00:00+00:00,2023-08-14 05:00:00+00:00,29400.4,2023-08-15 04:00:00+00:00,2023-08-15 05:00:00+00:00,29369.5,24,24.0,-0.10510061087604745,0.11,0.04,0.0,-0.25510061087604746,0.9510074692861272,0.5795839512387635,29.668408560139795,8b8cf8982136e554,ASSET_COMMON_PERIOD,ASSET_COMMON_COST
babfa64a6ca335c4c1db,BTC,BYBIT_PERPETUAL,2023-09-15 22:00:00+00:00,2023-09-15 23:00:00+00:00,26761.3,2023-09-16 22:00:00+00:00,2023-09-16 23:00:00+00:00,26547.0,24,24.0,-0.8007832205460844,0.11,0.04,0.0,-0.9507832205460844,0.48428140635919104,1.2379817123981245,25.857593247531817,8b8cf8982136e554,ASSET_COMMON_PERIOD,ASSET_COMMON_COST
1dadb0c5d18dd7630eae,BTC,BYBIT_PERPETUAL,2023-11-07 18:00:00+00:00,2023-11-07 19:00:00+00:00,35408.9,2023-11-08 18:00:00+00:00,2023-11-08 19:00:00+00:00,35622.2,24,24.0,0.6023909243156258,0.11,0.04,0.0,0.45239092431562583,1.4657331913727902,0.9429832612704756,25.826768990275777,8b8cf8982136e554,ASSET_COMMON_PERIOD,ASSET_COMMON_COST
bde1ce54d45394074ebc,BTC,BYBIT_PERPETUAL,2024-01-04 21:00:00+00:00,2024-01-04 22:00:00+00:00,44456.0,2024-01-05 21:00:00+00:00,2024-01-05 22:00:00+00:00,43957.7,24,24.0,-1.120883570271736,0.11,0.04,0.0,-1.270883570271736,0.7139643692639946,5.1174194709375564,29.71089516763064,8b8cf8982136e554,ASSET_COMMON_PERIOD,ASSET_COMMON_COST
959976ed55f7d5b1bdfe,BTC,BYBIT_PERPETUAL,2024-02-01 19:00:00+00:00,2024-02-01 20:00:00+00:00,43201.1,2024-02-02 19:00:00+00:00,2024-02-02 20:00:00+00:00,43041.0,24,24.0,-0.370592415470899,0.11,0.04,0.0,-0.520592415470899,0.6379467189492827,1.575885799204177,27.76553510767949,8b8cf8982136e554,ASSET_COMMON_PERIOD,ASSET_COMMON_COST
4dcdde171036d7f6cfe8,BTC,BYBIT_PERPETUAL,2024-02-26 15:00:00+00:00,2024-02-26 16:00:00+00:00,52899.2,2024-02-27 15:00:00+00:00,2024-02-27 16:00:00+00:00,56780.0,24,24.0,7.336216804791004,0.11,0.04,0.0,7.1862168047910036,8.886334764987,0.1691897041921239,25.503323408277993,8b8cf8982136e554,ASSET_COMMON_PERIOD,ASSET_COMMON_COST
04ea19cf03e18257ca67,BTC,BYBIT_PERPETUAL,2024-05-15 12:00:00+00:00,2024-05-15 13:00:00+00:00,63727.1,2024-05-16 12:00:00+00:00,2024-05-16 13:00:00+00:00,65970.0,24,24.0,3.5195387833433527,0.11,0.04,0.0,3.3695387833433528,4.77489168658232,0.3563633054069596,33.428654927930005,8b8cf8982136e554,ASSET_COMMON_PERIOD,ASSET_COMMON_COST
77416a3b8569becdf051,BTC,BYBIT_PERPETUAL,2024-05-17 14:00:00+00:00,2024-05-17 15:00:00+00:00,66799.9,2024-05-18 14:00:00+00:00,2024-05-18 15:00:00+00:00,66760.9,24,24.0,-0.05838332093311518,0.11,0.04,0.0,-0.20838332093311518,0.9639235986880351,0.9564385575427423,37.861187695108555,8b8cf8982136e554,ASSET_COMMON_PERIOD,ASSET_COMMON_COST
eaa60e5b5d03ffc88685,BTC,BYBIT_PERPETUAL,2024-09-17 10:00:00+00:00,2024-09-17 11:00:00+00:00,59210.0,2024-09-18 10:00:00+00:00,2024-09-18 11:00:00+00:00,59884.5,24,24.0,1.1391656814727242,0.11,0.04,0.0,0.9891656814727241,3.5804762709001863,0.6274277993582166,27.816273986999153,8b8cf8982136e554,ASSET_COMMON_PERIOD,ASSET_COMMON_COST
3af049b2b889bb4d3c56,BTC,BYBIT_PERPETUAL,2025-01-20 06:00:00+00:00,2025-01-20 07:00:00+00:00,107542.7,2025-01-21 06:00:00+00:00,2025-01-21 07:00:00+00:00,102161.9,24,24.0,-5.003407948656676,0.11,0.04,0.0,-5.153407948656676,1.9260256623648122,7.013679217650289,26.264820129677375,8b8cf8982136e554,ASSET_COMMON_PERIOD,ASSET_COMMON_COST
2fce9ed7f1faed3739b3,BTC,BYBIT_PERPETUAL,2025-03-25 19:00:00+00:00,2025-03-25 20:00:00+00:00,88053.8,2025-03-26 19:00:00+00:00,2025-03-26 20:00:00+00:00,86518.6,24,24.0,-1.7434795545450588,0.11,0.04,0.0,-1.893479554545059,0.506735654792862,2.559457967742445,28.052129363118322,8b8cf8982136e554,ASSET_COMMON_PERIOD,ASSET_COMMON_COST
2ecf060fd5102c1d7ce4,BTC,BYBIT_PERPETUAL,2025-05-18 22:00:00+00:00,2025-05-18 23:00:00+00:00,105936.9,2025-05-19 22:00:00+00:00,2025-05-19 23:00:00+00:00,105512.4,24,24.0,-0.40071023411106044,0.11,0.04,0.0,-0.5507102341110605,1.130295487219287,3.716268835504904,26.151016097750947,8b8cf8982136e554,ASSET_COMMON_PERIOD,ASSET_COMMON_COST
1b1582bab20131ac5a47,BTC,BYBIT_PERPETUAL,2025-08-10 03:00:00+00:00,2025-08-10 04:00:00+00:00,118488.9,2025-08-11 03:00:00+00:00,2025-08-11 04:00:00+00:00,121709.4,24,24.0,2.717976114218294,0.11,0.04,0.0,2.567976114218294,3.3185386985616425,0.8928262478594993,29.1138669944345,8b8cf8982136e554,ASSET_COMMON_PERIOD,ASSET_COMMON_COST
a6db48b7166e622a6111,BTC,BYBIT_PERPETUAL,2025-09-30 19:00:00+00:00,2025-09-30 20:00:00+00:00,114314.7,2025-10-01 19:00:00+00:00,2025-10-01 20:00:00+00:00,117369.3,24,24.0,2.672097289325,0.11,0.04,0.0,2.522097289325,3.355036578847692,0.5230298465551624,29.1477815683732,8b8cf8982136e554,ASSET_COMMON_PERIOD,ASSET_COMMON_COST
b7c6cd092d253b541f9c,BTC,BYBIT_PERPETUAL,2026-04-13 14:00:00+00:00,2026-04-13 15:00:00+00:00,72348.4,2026-04-14 14:00:00+00:00,2026-04-14 15:00:00+00:00,74974.2,24,24.0,3.6293822669195217,0.11,0.04,0.0,3.479382266919522,5.061480281526625,1.0210315639323013,31.429523124190656,8b8cf8982136e554,ASSET_COMMON_PERIOD,ASSET_COMMON_COST
fa83826795431f0d052b,BTC,BYBIT_PERPETUAL,2026-05-05 02:00:00+00:00,2026-05-05 03:00:00+00:00,80520.6,2026-05-06 02:00:00+00:00,2026-05-06 03:00:00+00:00,81331.3,24,24.0,1.0068230986853017,0.11,0.04,0.0,0.8568230986853017,1.5727652302640494,0.12754500090661475,25.6544131535365,8b8cf8982136e554,ASSET_COMMON_PERIOD,ASSET_COMMON_COST
2559226ed0b43f7e5261,BTC,BYBIT_PERPETUAL,2026-06-14 21:00:00+00:00,2026-06-14 22:00:00+00:00,65286.6,2026-06-15 21:00:00+00:00,2026-06-15 22:00:00+00:00,66337.2,24,24.0,1.6092123039030959,0.11,0.04,0.0,1.4592123039030958,3.047179666271488,0.5615241106138145,27.657118736569963,8b8cf8982136e554,ASSET_COMMON_PERIOD,ASSET_COMMON_COST
32c46650f30ddb3ccd26,ETH,BYBIT_PERPETUAL,2021-10-20 12:00:00+00:00,2021-10-20 13:00:00+00:00,3938.25,2021-10-21 12:00:00+00:00,2021-10-21 13:00:00+00:00,4235.15,24,24.0,7.538881482892139,0.0,0.0,0.0,7.538881482892139,11.623182885799531,0.14600393575826826,25.394545721275602,8b8cf8982136e554,ASSET_COMMON_PERIOD,ASSET_COMMON_GROSS
e5ad10f33d606fbe2288,ETH,BYBIT_PERPETUAL,2022-02-16 19:00:00+00:00,2022-02-16 20:00:00+00:00,3166.9,2022-02-17 19:00:00+00:00,2022-02-17 20:00:00+00:00,2908.1,24,24.0,-8.17202942941047,0.0,0.0,0.0,-8.17202942941047,0.32523919290156705,9.117749218478638,26.22303660848123,8b8cf8982136e554,ASSET_COMMON_PERIOD,ASSET_COMMON_GROSS
89daab2c70b8e97c2e05,ETH,BYBIT_PERPETUAL,2022-07-16 15:00:00+00:00,2022-07-16 16:00:00+00:00,1273.7,2022-07-17 15:00:00+00:00,2022-07-17 16:00:00+00:00,1350.65,24,24.0,6.041454031561595,0.0,0.0,0.0,6.041454031561595,13.280207270157796,0.1845018450184609,27.889096862308637,8b8cf8982136e554,ASSET_COMMON_PERIOD,ASSET_COMMON_GROSS
b081d1c40e74904ae592,ETH,BYBIT_PERPETUAL,2022-08-10 12:00:00+00:00,2022-08-10 13:00:00+00:00,1822.55,2022-08-11 12:00:00+00:00,2022-08-11 13:00:00+00:00,1925.65,24,24.0,5.6569092754657015,0.0,0.0,0.0,5.6569092754657015,6.644536501056219,1.1028504019094076,34.03354152484255,8b8cf8982136e554,ASSET_COMMON_PERIOD,ASSET_COMMON_GROSS
315852d6f84bb6b42f03,ETH,BYBIT_PERPETUAL,2023-03-21 12:00:00+00:00,2023-03-21 13:00:00+00:00,1804.6,2023-03-22 12:00:00+00:00,2023-03-22 13:00:00+00:00,1794.6,24,24.0,-0.554139421478444,0.0,0.0,0.0,-0.554139421478444,1.7954117255901636,1.734456389227527,26.929726116543584,8b8cf8982136e554,ASSET_COMMON_PERIOD,ASSET_COMMON_GROSS
9b3ddd99dc4d4b7808fd,ETH,BYBIT_PERPETUAL,2023-03-26 08:00:00+00:00,2023-03-26 09:00:00+00:00,1773.77,2023-03-27 08:00:00+00:00,2023-03-27 09:00:00+00:00,1755.25,24,24.0,-1.0441038015075226,0.0,0.0,0.0,-1.0441038015075226,1.4798987467371758,1.6129486912057314,28.32862713235809,8b8cf8982136e554,ASSET_COMMON_PERIOD,ASSET_COMMON_GROSS
a71e93c4eba0c17603a1,ETH,BYBIT_PERPETUAL,2023-05-05 11:00:00+00:00,2023-05-05 12:00:00+00:00,1910.56,2023-05-06 11:00:00+00:00,2023-05-06 12:00:00+00:00,1933.79,24,24.0,1.2158738799095563,0.0,0.0,0.0,1.2158738799095563,5.725023029897,1.2854869776400608,28.752632468860664,8b8cf8982136e554,ASSET_COMMON_PERIOD,ASSET_COMMON_GROSS
40fc808ac119acee6afa,ETH,BYBIT_PERPETUAL,2023-06-29 10:00:00+00:00,2023-06-29 11:00:00+00:00,1867.65,2023-06-30 10:00:00+00:00,2023-06-30 11:00:00+00:00,1891.35,24,24.0,1.2689743795678963,0.0,0.0,0.0,1.2689743795678963,2.1604690386314305,1.47993467726823,26.859789319661076,8b8cf8982136e554,ASSET_COMMON_PERIOD,ASSET_COMMON_GROSS
5361999355f8a218f279,ETH,BYBIT_PERPETUAL,2023-06-30 17:00:00+00:00,2023-06-30 18:00:00+00:00,1931.2,2023-07-01 17:00:00+00:00,2023-07-01 18:00:00+00:00,1917.81,24,24.0,-0.6933512841756473,0.0,0.0,0.0,-0.6933512841756473,0.6923156586578236,1.1666321458160716,27.841415803736215,8b8cf8982136e554,ASSET_COMMON_PERIOD,ASSET_COMMON_GROSS
64df307166a0be5a40f7,ETH,BYBIT_PERPETUAL,2024-11-13 14:00:00+00:00,2024-11-13 15:00:00+00:00,3323.25,2024-11-14 14:00:00+00:00,2024-11-14 15:00:00+00:00,3110.22,24,24.0,-6.410291130670284,0.0,0.0,0.0,-6.410291130670284,0.36560595802302237,6.466260437824416,25.552026679378272,8b8cf8982136e554,ASSET_COMMON_PERIOD,ASSET_COMMON_GROSS
b5f3bc2bd46b2847cf66,ETH,BYBIT_PERPETUAL,2024-11-27 10:00:00+00:00,2024-11-27 11:00:00+00:00,3458.19,2024-11-28 10:00:00+00:00,2024-11-28 11:00:00+00:00,3606.01,24,24.0,4.274490412614696,0.0,0.0,0.0,4.274490412614696,6.69714503830038,0.5922173159947839,29.309032261053538,8b8cf8982136e554,ASSET_COMMON_PERIOD,ASSET_COMMON_GROSS
146bb3440562b00b5497,ETH,BYBIT_PERPETUAL,2025-08-26 19:00:00+00:00,2025-08-26 20:00:00+00:00,4594.0,2025-08-27 19:00:00+00:00,2025-08-27 20:00:00+00:00,4562.4,24,24.0,-0.6878537222464163,0.0,0.0,0.0,-0.6878537222464163,1.5019590770570308,1.3783195472355183,27.99845225710307,8b8cf8982136e554,ASSET_COMMON_PERIOD,ASSET_COMMON_GROSS
50a34d982062469c2afd,ETH,BYBIT_PERPETUAL,2026-01-13 15:00:00+00:00,2026-01-13 16:00:00+00:00,3183.07,2026-01-14 15:00:00+00:00,2026-01-14 16:00:00+00:00,3344.41,24,24.0,5.068691546211666,0.0,0.0,0.0,5.068691546211666,6.281043143883101,0.42191971901341446,26.086375564917642,8b8cf8982136e554,ASSET_COMMON_PERIOD,ASSET_COMMON_GROSS
01041356d7ae887ea2c8,ETH,BYBIT_PERPETUAL,2026-03-15 08:00:00+00:00,2026-03-15 09:00:00+00:00,2112.02,2026-03-16 08:00:00+00:00,2026-03-16 09:00:00+00:00,2242.63,24,24.0,6.184127044251481,0.0,0.0,0.0,6.184127044251481,8.357401918542449,1.2641925739339503,26.264209435529466,8b8cf8982136e554,ASSET_COMMON_PERIOD,ASSET_COMMON_GROSS
32c46650f30ddb3ccd26,ETH,BYBIT_PERPETUAL,2021-10-20 12:00:00+00:00,2021-10-20 13:00:00+00:00,3938.25,2021-10-21 12:00:00+00:00,2021-10-21 13:00:00+00:00,4235.15,24,24.0,7.538881482892139,0.11,0.04,0.0,7.388881482892138,11.623182885799531,0.14600393575826826,25.394545721275602,8b8cf8982136e554,ASSET_COMMON_PERIOD,ASSET_COMMON_COST
e5ad10f33d606fbe2288,ETH,BYBIT_PERPETUAL,2022-02-16 19:00:00+00:00,2022-02-16 20:00:00+00:00,3166.9,2022-02-17 19:00:00+00:00,2022-02-17 20:00:00+00:00,2908.1,24,24.0,-8.17202942941047,0.11,0.04,0.0,-8.322029429410469,0.32523919290156705,9.117749218478638,26.22303660848123,8b8cf8982136e554,ASSET_COMMON_PERIOD,ASSET_COMMON_COST
89daab2c70b8e97c2e05,ETH,BYBIT_PERPETUAL,2022-07-16 15:00:00+00:00,2022-07-16 16:00:00+00:00,1273.7,2022-07-17 15:00:00+00:00,2022-07-17 16:00:00+00:00,1350.65,24,24.0,6.041454031561595,0.11,0.04,0.0,5.891454031561595,13.280207270157796,0.1845018450184609,27.889096862308637,8b8cf8982136e554,ASSET_COMMON_PERIOD,ASSET_COMMON_COST
b081d1c40e74904ae592,ETH,BYBIT_PERPETUAL,2022-08-10 12:00:00+00:00,2022-08-10 13:00:00+00:00,1822.55,2022-08-11 12:00:00+00:00,2022-08-11 13:00:00+00:00,1925.65,24,24.0,5.6569092754657015,0.11,0.04,0.0,5.506909275465701,6.644536501056219,1.1028504019094076,34.03354152484255,8b8cf8982136e554,ASSET_COMMON_PERIOD,ASSET_COMMON_COST
315852d6f84bb6b42f03,ETH,BYBIT_PERPETUAL,2023-03-21 12:00:00+00:00,2023-03-21 13:00:00+00:00,1804.6,2023-03-22 12:00:00+00:00,2023-03-22 13:00:00+00:00,1794.6,24,24.0,-0.554139421478444,0.11,0.04,0.0,-0.704139421478444,1.7954117255901636,1.734456389227527,26.929726116543584,8b8cf8982136e554,ASSET_COMMON_PERIOD,ASSET_COMMON_COST
9b3ddd99dc4d4b7808fd,ETH,BYBIT_PERPETUAL,2023-03-26 08:00:00+00:00,2023-03-26 09:00:00+00:00,1773.77,2023-03-27 08:00:00+00:00,2023-03-27 09:00:00+00:00,1755.25,24,24.0,-1.0441038015075226,0.11,0.04,0.0,-1.1941038015075227,1.4798987467371758,1.6129486912057314,28.32862713235809,8b8cf8982136e554,ASSET_COMMON_PERIOD,ASSET_COMMON_COST
a71e93c4eba0c17603a1,ETH,BYBIT_PERPETUAL,2023-05-05 11:00:00+00:00,2023-05-05 12:00:00+00:00,1910.56,2023-05-06 11:00:00+00:00,2023-05-06 12:00:00+00:00,1933.79,24,24.0,1.2158738799095563,0.11,0.04,0.0,1.0658738799095562,5.725023029897,1.2854869776400608,28.752632468860664,8b8cf8982136e554,ASSET_COMMON_PERIOD,ASSET_COMMON_COST
40fc808ac119acee6afa,ETH,BYBIT_PERPETUAL,2023-06-29 10:00:00+00:00,2023-06-29 11:00:00+00:00,1867.65,2023-06-30 10:00:00+00:00,2023-06-30 11:00:00+00:00,1891.35,24,24.0,1.2689743795678963,0.11,0.04,0.0,1.1189743795678961,2.1604690386314305,1.47993467726823,26.859789319661076,8b8cf8982136e554,ASSET_COMMON_PERIOD,ASSET_COMMON_COST
5361999355f8a218f279,ETH,BYBIT_PERPETUAL,2023-06-30 17:00:00+00:00,2023-06-30 18:00:00+00:00,1931.2,2023-07-01 17:00:00+00:00,2023-07-01 18:00:00+00:00,1917.81,24,24.0,-0.6933512841756473,0.11,0.04,0.0,-0.8433512841756473,0.6923156586578236,1.1666321458160716,27.841415803736215,8b8cf8982136e554,ASSET_COMMON_PERIOD,ASSET_COMMON_COST
64df307166a0be5a40f7,ETH,BYBIT_PERPETUAL,2024-11-13 14:00:00+00:00,2024-11-13 15:00:00+00:00,3323.25,2024-11-14 14:00:00+00:00,2024-11-14 15:00:00+00:00,3110.22,24,24.0,-6.410291130670284,0.11,0.04,0.0,-6.560291130670285,0.36560595802302237,6.466260437824416,25.552026679378272,8b8cf8982136e554,ASSET_COMMON_PERIOD,ASSET_COMMON_COST
b5f3bc2bd46b2847cf66,ETH,BYBIT_PERPETUAL,2024-11-27 10:00:00+00:00,2024-11-27 11:00:00+00:00,3458.19,2024-11-28 10:00:00+00:00,2024-11-28 11:00:00+00:00,3606.01,24,24.0,4.274490412614696,0.11,0.04,0.0,4.124490412614696,6.69714503830038,0.5922173159947839,29.309032261053538,8b8cf8982136e554,ASSET_COMMON_PERIOD,ASSET_COMMON_COST
146bb3440562b00b5497,ETH,BYBIT_PERPETUAL,2025-08-26 19:00:00+00:00,2025-08-26 20:00:00+00:00,4594.0,2025-08-27 19:00:00+00:00,2025-08-27 20:00:00+00:00,4562.4,24,24.0,-0.6878537222464163,0.11,0.04,0.0,-0.8378537222464163,1.5019590770570308,1.3783195472355183,27.99845225710307,8b8cf8982136e554,ASSET_COMMON_PERIOD,ASSET_COMMON_COST
50a34d982062469c2afd,ETH,BYBIT_PERPETUAL,2026-01-13 15:00:00+00:00,2026-01-13 16:00:00+00:00,3183.07,2026-01-14 15:00:00+00:00,2026-01-14 16:00:00+00:00,3344.41,24,24.0,5.068691546211666,0.11,0.04,0.0,4.918691546211666,6.281043143883101,0.42191971901341446,26.086375564917642,8b8cf8982136e554,ASSET_COMMON_PERIOD,ASSET_COMMON_COST
01041356d7ae887ea2c8,ETH,BYBIT_PERPETUAL,2026-03-15 08:00:00+00:00,2026-03-15 09:00:00+00:00,2112.02,2026-03-16 08:00:00+00:00,2026-03-16 09:00:00+00:00,2242.63,24,24.0,6.184127044251481,0.11,0.04,0.0,6.0341270442514805,8.357401918542449,1.2641925739339503,26.264209435529466,8b8cf8982136e554,ASSET_COMMON_PERIOD,ASSET_COMMON_COST
5d57919faf9cb576b28e,SOL,BYBIT_PERPETUAL,2021-10-31 15:00:00+00:00,2021-10-31 16:00:00+00:00,195.06,2021-11-01 15:00:00+00:00,2021-11-01 16:00:00+00:00,204.09,24,24.0,4.629344816979391,0.0,0.0,0.0,4.629344816979391,8.48713216446222,0.9279196144775977,28.867850518427893,8b8cf8982136e554,ASSET_COMMON_PERIOD,ASSET_COMMON_GROSS
0b75e5be52378d1ec56e,SOL,BYBIT_PERPETUAL,2022-03-29 12:00:00+00:00,2022-03-29 13:00:00+00:00,114.705,2022-03-30 12:00:00+00:00,2022-03-30 13:00:00+00:00,114.965,24,24.0,0.22666841026982706,0.0,0.0,0.0,0.22666841026982706,0.7541083649361361,6.708513142408782,26.32372868116753,8b8cf8982136e554,ASSET_COMMON_PERIOD,ASSET_COMMON_GROSS
236d9e40187b19be41e1,SOL,BYBIT_PERPETUAL,2022-07-08 18:00:00+00:00,2022-07-08 19:00:00+00:00,38.87,2022-07-09 18:00:00+00:00,2022-07-09 19:00:00+00:00,38.6,24,24.0,-0.6946231026498483,0.0,0.0,0.0,-0.6946231026498483,1.1705685618729236,2.9071263184975447,25.19979651419861,8b8cf8982136e554,ASSET_COMMON_PERIOD,ASSET_COMMON_GROSS
6e47d4ea1262e59cbf48,SOL,BYBIT_PERPETUAL,2022-07-18 04:00:00+00:00,2022-07-18 05:00:00+00:00,40.885,2022-07-19 04:00:00+00:00,2022-07-19 05:00:00+00:00,43.275,24,24.0,5.845664669194083,0.0,0.0,0.0,5.845664669194083,12.975418857771798,3.069585422526588,31.22547095551874,8b8cf8982136e554,ASSET_COMMON_PERIOD,ASSET_COMMON_GROSS
4a1b150f9a68bc8ba1bb,SOL,BYBIT_PERPETUAL,2022-10-06 01:00:00+00:00,2022-10-06 02:00:00+00:00,34.435,2022-10-07 01:00:00+00:00,2022-10-07 02:00:00+00:00,33.445,24,24.0,-2.8749818498620643,0.0,0.0,0.0,-2.8749818498620643,0.11616088282270698,3.557427036445481,26.61001911536766,8b8cf8982136e554,ASSET_COMMON_PERIOD,ASSET_COMMON_GROSS
50ef98e99542ffe413cf,SOL,BYBIT_PERPETUAL,2023-07-15 10:00:00+00:00,2023-07-15 11:00:00+00:00,28.882,2023-07-16 10:00:00+00:00,2023-07-16 11:00:00+00:00,27.792,24,24.0,-3.7739768714077964,0.0,0.0,0.0,-3.7739768714077964,0.7547953742815593,8.777092999099786,31.20183483901027,8b8cf8982136e554,ASSET_COMMON_PERIOD,ASSET_COMMON_GROSS
babe220cbb2cbebe81a7,SOL,BYBIT_PERPETUAL,2023-09-16 02:00:00+00:00,2023-09-16 03:00:00+00:00,19.208,2023-09-17 02:00:00+00:00,2023-09-17 03:00:00+00:00,18.972,24,24.0,-1.2286547271969863,0.0,0.0,0.0,-1.2286547271969863,1.0516451478550695,2.5874635568513114,27.356500624717157,8b8cf8982136e554,ASSET_COMMON_PERIOD,ASSET_COMMON_GROSS
3d95fe3c91ae65980e64,SOL,BYBIT_PERPETUAL,2023-12-06 00:00:00+00:00,2023-12-06 01:00:00+00:00,63.247,2023-12-07 00:00:00+00:00,2023-12-07 01:00:00+00:00,63.102,24,24.0,-0.22925988584439283,0.0,0.0,0.0,-0.22925988584439283,5.576549085332112,3.144813192720599,27.438337088914857,8b8cf8982136e554,ASSET_COMMON_PERIOD,ASSET_COMMON_GROSS
050cfc5c6092938a22fe,SOL,BYBIT_PERPETUAL,2025-04-14 04:00:00+00:00,2025-04-14 05:00:00+00:00,133.58,2025-04-15 04:00:00+00:00,2025-04-15 05:00:00+00:00,130.76,24,24.0,-2.1110944752208574,0.0,0.0,0.0,-2.1110944752208574,0.8908519239407079,4.461745770324904,26.4231685648842,8b8cf8982136e554,ASSET_COMMON_PERIOD,ASSET_COMMON_GROSS
d78f0ea83245226bfb18,SOL,BYBIT_PERPETUAL,2025-04-21 00:00:00+00:00,2025-04-21 01:00:00+00:00,141.12,2025-04-22 00:00:00+00:00,2025-04-22 01:00:00+00:00,137.14,24,24.0,-2.8202947845805117,0.0,0.0,0.0,-2.8202947845805117,0.7227891156462456,5.2295918367346905,27.082177372344884,8b8cf8982136e554,ASSET_COMMON_PERIOD,ASSET_COMMON_GROSS
594e9a2abf8004248e93,SOL,BYBIT_PERPETUAL,2025-08-26 19:00:00+00:00,2025-08-26 20:00:00+00:00,197.33,2025-08-27 19:00:00+00:00,2025-08-27 20:00:00+00:00,206.34,24,24.0,4.565955506005164,0.0,0.0,0.0,4.565955506005164,7.479856078649973,1.8243551411341523,26.30908708261191,8b8cf8982136e554,ASSET_COMMON_PERIOD,ASSET_COMMON_GROSS
b933bbabf18881f14fdd,SOL,BYBIT_PERPETUAL,2026-01-13 15:00:00+00:00,2026-01-13 16:00:00+00:00,143.44,2026-01-14 15:00:00+00:00,2026-01-14 16:00:00+00:00,146.99,24,24.0,2.4749023982152893,0.0,0.0,0.0,2.4749023982152893,3.841327384272163,0.7459564974902351,25.663800610736203,8b8cf8982136e554,ASSET_COMMON_PERIOD,ASSET_COMMON_GROSS
f8c5fefd9dedd1e6deb2,SOL,BYBIT_PERPETUAL,2026-06-14 21:00:00+00:00,2026-06-14 22:00:00+00:00,70.12,2026-06-15 21:00:00+00:00,2026-06-15 22:00:00+00:00,74.41,24,24.0,6.118083285795767,0.0,0.0,0.0,6.118083285795767,8.471192241871075,0.7130633200228179,27.896156127439482,8b8cf8982136e554,ASSET_COMMON_PERIOD,ASSET_COMMON_GROSS
5d57919faf9cb576b28e,SOL,BYBIT_PERPETUAL,2021-10-31 15:00:00+00:00,2021-10-31 16:00:00+00:00,195.06,2021-11-01 15:00:00+00:00,2021-11-01 16:00:00+00:00,204.09,24,24.0,4.629344816979391,0.11,0.04,0.0,4.479344816979391,8.48713216446222,0.9279196144775977,28.867850518427893,8b8cf8982136e554,ASSET_COMMON_PERIOD,ASSET_COMMON_COST
0b75e5be52378d1ec56e,SOL,BYBIT_PERPETUAL,2022-03-29 12:00:00+00:00,2022-03-29 13:00:00+00:00,114.705,2022-03-30 12:00:00+00:00,2022-03-30 13:00:00+00:00,114.965,24,24.0,0.22666841026982706,0.11,0.04,0.0,0.07666841026982707,0.7541083649361361,6.708513142408782,26.32372868116753,8b8cf8982136e554,ASSET_COMMON_PERIOD,ASSET_COMMON_COST
236d9e40187b19be41e1,SOL,BYBIT_PERPETUAL,2022-07-08 18:00:00+00:00,2022-07-08 19:00:00+00:00,38.87,2022-07-09 18:00:00+00:00,2022-07-09 19:00:00+00:00,38.6,24,24.0,-0.6946231026498483,0.11,0.04,0.0,-0.8446231026498483,1.1705685618729236,2.9071263184975447,25.19979651419861,8b8cf8982136e554,ASSET_COMMON_PERIOD,ASSET_COMMON_COST
6e47d4ea1262e59cbf48,SOL,BYBIT_PERPETUAL,2022-07-18 04:00:00+00:00,2022-07-18 05:00:00+00:00,40.885,2022-07-19 04:00:00+00:00,2022-07-19 05:00:00+00:00,43.275,24,24.0,5.845664669194083,0.11,0.04,0.0,5.695664669194082,12.975418857771798,3.069585422526588,31.22547095551874,8b8cf8982136e554,ASSET_COMMON_PERIOD,ASSET_COMMON_COST
4a1b150f9a68bc8ba1bb,SOL,BYBIT_PERPETUAL,2022-10-06 01:00:00+00:00,2022-10-06 02:00:00+00:00,34.435,2022-10-07 01:00:00+00:00,2022-10-07 02:00:00+00:00,33.445,24,24.0,-2.8749818498620643,0.11,0.04,0.0,-3.024981849862064,0.11616088282270698,3.557427036445481,26.61001911536766,8b8cf8982136e554,ASSET_COMMON_PERIOD,ASSET_COMMON_COST
50ef98e99542ffe413cf,SOL,BYBIT_PERPETUAL,2023-07-15 10:00:00+00:00,2023-07-15 11:00:00+00:00,28.882,2023-07-16 10:00:00+00:00,2023-07-16 11:00:00+00:00,27.792,24,24.0,-3.7739768714077964,0.11,0.04,0.0,-3.9239768714077963,0.7547953742815593,8.777092999099786,31.20183483901027,8b8cf8982136e554,ASSET_COMMON_PERIOD,ASSET_COMMON_COST
babe220cbb2cbebe81a7,SOL,BYBIT_PERPETUAL,2023-09-16 02:00:00+00:00,2023-09-16 03:00:00+00:00,19.208,2023-09-17 02:00:00+00:00,2023-09-17 03:00:00+00:00,18.972,24,24.0,-1.2286547271969863,0.11,0.04,0.0,-1.3786547271969865,1.0516451478550695,2.5874635568513114,27.356500624717157,8b8cf8982136e554,ASSET_COMMON_PERIOD,ASSET_COMMON_COST
3d95fe3c91ae65980e64,SOL,BYBIT_PERPETUAL,2023-12-06 00:00:00+00:00,2023-12-06 01:00:00+00:00,63.247,2023-12-07 00:00:00+00:00,2023-12-07 01:00:00+00:00,63.102,24,24.0,-0.22925988584439283,0.11,0.04,0.0,-0.3792598858443928,5.576549085332112,3.144813192720599,27.438337088914857,8b8cf8982136e554,ASSET_COMMON_PERIOD,ASSET_COMMON_COST
050cfc5c6092938a22fe,SOL,BYBIT_PERPETUAL,2025-04-14 04:00:00+00:00,2025-04-14 05:00:00+00:00,133.58,2025-04-15 04:00:00+00:00,2025-04-15 05:00:00+00:00,130.76,24,24.0,-2.1110944752208574,0.11,0.04,0.0,-2.2610944752208573,0.8908519239407079,4.461745770324904,26.4231685648842,8b8cf8982136e554,ASSET_COMMON_PERIOD,ASSET_COMMON_COST
d78f0ea83245226bfb18,SOL,BYBIT_PERPETUAL,2025-04-21 00:00:00+00:00,2025-04-21 01:00:00+00:00,141.12,2025-04-22 00:00:00+00:00,2025-04-22 01:00:00+00:00,137.14,24,24.0,-2.8202947845805117,0.11,0.04,0.0,-2.9702947845805117,0.7227891156462456,5.2295918367346905,27.082177372344884,8b8cf8982136e554,ASSET_COMMON_PERIOD,ASSET_COMMON_COST
594e9a2abf8004248e93,SOL,BYBIT_PERPETUAL,2025-08-26 19:00:00+00:00,2025-08-26 20:00:00+00:00,197.33,2025-08-27 19:00:00+00:00,2025-08-27 20:00:00+00:00,206.34,24,24.0,4.565955506005164,0.11,0.04,0.0,4.415955506005163,7.479856078649973,1.8243551411341523,26.30908708261191,8b8cf8982136e554,ASSET_COMMON_PERIOD,ASSET_COMMON_COST
b933bbabf18881f14fdd,SOL,BYBIT_PERPETUAL,2026-01-13 15:00:00+00:00,2026-01-13 16:00:00+00:00,143.44,2026-01-14 15:00:00+00:00,2026-01-14 16:00:00+00:00,146.99,24,24.0,2.4749023982152893,0.11,0.04,0.0,2.3249023982152894,3.841327384272163,0.7459564974902351,25.663800610736203,8b8cf8982136e554,ASSET_COMMON_PERIOD,ASSET_COMMON_COST
f8c5fefd9dedd1e6deb2,SOL,BYBIT_PERPETUAL,2026-06-14 21:00:00+00:00,2026-06-14 22:00:00+00:00,70.12,2026-06-15 21:00:00+00:00,2026-06-15 22:00:00+00:00,74.41,24,24.0,6.118083285795767,0.11,0.04,0.0,5.968083285795767,8.471192241871075,0.7130633200228179,27.896156127439482,8b8cf8982136e554,ASSET_COMMON_PERIOD,ASSET_COMMON_COST
15f48fb91a2e59f24bb8,XRP,BYBIT_PERPETUAL,2021-11-10 13:00:00+00:00,2021-11-10 14:00:00+00:00,1.314,2021-11-11 13:00:00+00:00,2021-11-11 14:00:00+00:00,1.2094,24,24.0,-7.960426179604263,0.0,0.0,0.0,-7.960426179604263,2.88432267884323,16.248097412480973,28.174853897818615,8b8cf8982136e554,ASSET_COMMON_PERIOD,ASSET_COMMON_GROSS
340b2d12f4a110aca3a3,XRP,BYBIT_PERPETUAL,2021-12-21 05:00:00+00:00,2021-12-21 06:00:00+00:00,0.8931,2021-12-22 05:00:00+00:00,2021-12-22 06:00:00+00:00,0.9571,24,24.0,7.166050834173099,0.0,0.0,0.0,7.166050834173099,8.935169633859589,1.6235583921173393,27.916272171451496,8b8cf8982136e554,ASSET_COMMON_PERIOD,ASSET_COMMON_GROSS
77d20e5cad1f8b4dacf6,XRP,BYBIT_PERPETUAL,2022-02-09 01:00:00+00:00,2022-02-09 02:00:00+00:00,0.8863,2022-02-10 01:00:00+00:00,2022-02-10 02:00:00+00:00,0.873,24,24.0,-1.5006205573733475,0.0,0.0,0.0,-1.5006205573733475,3.531535597427507,4.8629132347963475,41.11771547176061,8b8cf8982136e554,ASSET_COMMON_PERIOD,ASSET_COMMON_GROSS
a9a5e81e62400e6e17a0,XRP,BYBIT_PERPETUAL,2022-08-13 02:00:00+00:00,2022-08-13 03:00:00+00:00,0.3811,2022-08-14 02:00:00+00:00,2022-08-14 03:00:00+00:00,0.3834,24,24.0,0.6035161374967264,0.0,0.0,0.0,0.6035161374967264,1.6531094200997187,1.2857517711886683,25.681173121860933,8b8cf8982136e554,ASSET_COMMON_PERIOD,ASSET_COMMON_GROSS
87db296b96356eac5917,XRP,BYBIT_PERPETUAL,2022-09-23 22:00:00+00:00,2022-09-23 23:00:00+00:00,0.5266,2022-09-24 22:00:00+00:00,2022-09-24 23:00:00+00:00,0.4867,24,24.0,-7.576908469426498,0.0,0.0,0.0,-7.576908469426498,0.07595898214965192,10.482339536650203,30.114657833057883,8b8cf8982136e554,ASSET_COMMON_PERIOD,ASSET_COMMON_GROSS
d34f362ab22f2741b17b,XRP,BYBIT_PERPETUAL,2023-01-16 03:00:00+00:00,2023-01-16 04:00:00+00:00,0.4054,2023-01-17 03:00:00+00:00,2023-01-17 04:00:00+00:00,0.3835,24,24.0,-5.402072027627029,0.0,0.0,0.0,-5.402072027627029,0.22200296003947015,7.005426739023182,29.4462058006826,8b8cf8982136e554,ASSET_COMMON_PERIOD,ASSET_COMMON_GROSS
dbf8bfe2ec1ec5f3978b,XRP,BYBIT_PERPETUAL,2023-07-13 15:00:00+00:00,2023-07-13 16:00:00+00:00,0.5912,2023-07-14 15:00:00+00:00,2023-07-14 16:00:00+00:00,0.7788,24,24.0,31.73207036535861,0.0,0.0,0.0,31.73207036535861,60.69012178619757,1.2686062246278673,28.63115188285033,8b8cf8982136e554,ASSET_COMMON_PERIOD,ASSET_COMMON_GROSS
07e0d8d929f22c72b803,XRP,BYBIT_PERPETUAL,2023-07-18 23:00:00+00:00,2023-07-19 00:00:00+00:00,0.7775,2023-07-19 23:00:00+00:00,2023-07-20 00:00:00+00:00,0.8195,24,24.0,5.401929260450166,0.0,0.0,0.0,5.401929260450166,9.839228295819938,1.2218649517684828,29.18678008270511,8b8cf8982136e554,ASSET_COMMON_PERIOD,ASSET_COMMON_GROSS
f4916df6563ec9f364d2,XRP,BYBIT_PERPETUAL,2023-10-03 22:00:00+00:00,2023-10-03 23:00:00+00:00,0.5278,2023-10-04 22:00:00+00:00,2023-10-04 23:00:00+00:00,0.5331,24,24.0,1.0041682455475505,0.0,0.0,0.0,1.0041682455475505,3.80826070481243,1.7999242137173292,29.524737287299267,8b8cf8982136e554,ASSET_COMMON_PERIOD,ASSET_COMMON_GROSS
f0da44da2550b30d6a75,XRP,BYBIT_PERPETUAL,2023-11-13 20:00:00+00:00,2023-11-13 21:00:00+00:00,0.7126,2023-11-14 20:00:00+00:00,2023-11-14 21:00:00+00:00,0.625,24,24.0,-12.29301150715689,0.0,0.0,0.0,-12.29301150715689,5.950042099354476,18.31321919730565,37.54356458288414,8b8cf8982136e554,ASSET_COMMON_PERIOD,ASSET_COMMON_GROSS
67e1dd154a594687a05d,XRP,BYBIT_PERPETUAL,2024-11-18 05:00:00+00:00,2024-11-18 06:00:00+00:00,1.1614,2024-11-19 05:00:00+00:00,2024-11-19 06:00:00+00:00,1.1113,24,24.0,-4.313759256070263,0.0,0.0,0.0,-4.313759256070263,2.290339245737899,7.3962459101084965,27.535366607836377,8b8cf8982136e554,ASSET_COMMON_PERIOD,ASSET_COMMON_GROSS
2b1c844499e24c366e1f,XRP,BYBIT_PERPETUAL,2025-11-13 03:00:00+00:00,2025-11-13 04:00:00+00:00,2.4825,2025-11-14 03:00:00+00:00,2025-11-14 04:00:00+00:00,2.3141,24,24.0,-6.7834843907351505,0.0,0.0,0.0,-6.7834843907351505,1.7804632426988931,8.358509566968783,27.863907888869555,8b8cf8982136e554,ASSET_COMMON_PERIOD,ASSET_COMMON_GROSS
15f48fb91a2e59f24bb8,XRP,BYBIT_PERPETUAL,2021-11-10 13:00:00+00:00,2021-11-10 14:00:00+00:00,1.314,2021-11-11 13:00:00+00:00,2021-11-11 14:00:00+00:00,1.2094,24,24.0,-7.960426179604263,0.11,0.04,0.0,-8.110426179604262,2.88432267884323,16.248097412480973,28.174853897818615,8b8cf8982136e554,ASSET_COMMON_PERIOD,ASSET_COMMON_COST
340b2d12f4a110aca3a3,XRP,BYBIT_PERPETUAL,2021-12-21 05:00:00+00:00,2021-12-21 06:00:00+00:00,0.8931,2021-12-22 05:00:00+00:00,2021-12-22 06:00:00+00:00,0.9571,24,24.0,7.166050834173099,0.11,0.04,0.0,7.0160508341730985,8.935169633859589,1.6235583921173393,27.916272171451496,8b8cf8982136e554,ASSET_COMMON_PERIOD,ASSET_COMMON_COST
77d20e5cad1f8b4dacf6,XRP,BYBIT_PERPETUAL,2022-02-09 01:00:00+00:00,2022-02-09 02:00:00+00:00,0.8863,2022-02-10 01:00:00+00:00,2022-02-10 02:00:00+00:00,0.873,24,24.0,-1.5006205573733475,0.11,0.04,0.0,-1.6506205573733477,3.531535597427507,4.8629132347963475,41.11771547176061,8b8cf8982136e554,ASSET_COMMON_PERIOD,ASSET_COMMON_COST
a9a5e81e62400e6e17a0,XRP,BYBIT_PERPETUAL,2022-08-13 02:00:00+00:00,2022-08-13 03:00:00+00:00,0.3811,2022-08-14 02:00:00+00:00,2022-08-14 03:00:00+00:00,0.3834,24,24.0,0.6035161374967264,0.11,0.04,0.0,0.4535161374967264,1.6531094200997187,1.2857517711886683,25.681173121860933,8b8cf8982136e554,ASSET_COMMON_PERIOD,ASSET_COMMON_COST
87db296b96356eac5917,XRP,BYBIT_PERPETUAL,2022-09-23 22:00:00+00:00,2022-09-23 23:00:00+00:00,0.5266,2022-09-24 22:00:00+00:00,2022-09-24 23:00:00+00:00,0.4867,24,24.0,-7.576908469426498,0.11,0.04,0.0,-7.7269084694264984,0.07595898214965192,10.482339536650203,30.114657833057883,8b8cf8982136e554,ASSET_COMMON_PERIOD,ASSET_COMMON_COST
d34f362ab22f2741b17b,XRP,BYBIT_PERPETUAL,2023-01-16 03:00:00+00:00,2023-01-16 04:00:00+00:00,0.4054,2023-01-17 03:00:00+00:00,2023-01-17 04:00:00+00:00,0.3835,24,24.0,-5.402072027627029,0.11,0.04,0.0,-5.5520720276270294,0.22200296003947015,7.005426739023182,29.4462058006826,8b8cf8982136e554,ASSET_COMMON_PERIOD,ASSET_COMMON_COST
dbf8bfe2ec1ec5f3978b,XRP,BYBIT_PERPETUAL,2023-07-13 15:00:00+00:00,2023-07-13 16:00:00+00:00,0.5912,2023-07-14 15:00:00+00:00,2023-07-14 16:00:00+00:00,0.7788,24,24.0,31.73207036535861,0.11,0.04,0.0,31.58207036535861,60.69012178619757,1.2686062246278673,28.63115188285033,8b8cf8982136e554,ASSET_COMMON_PERIOD,ASSET_COMMON_COST
07e0d8d929f22c72b803,XRP,BYBIT_PERPETUAL,2023-07-18 23:00:00+00:00,2023-07-19 00:00:00+00:00,0.7775,2023-07-19 23:00:00+00:00,2023-07-20 00:00:00+00:00,0.8195,24,24.0,5.401929260450166,0.11,0.04,0.0,5.251929260450166,9.839228295819938,1.2218649517684828,29.18678008270511,8b8cf8982136e554,ASSET_COMMON_PERIOD,ASSET_COMMON_COST
f4916df6563ec9f364d2,XRP,BYBIT_PERPETUAL,2023-10-03 22:00:00+00:00,2023-10-03 23:00:00+00:00,0.5278,2023-10-04 22:00:00+00:00,2023-10-04 23:00:00+00:00,0.5331,24,24.0,1.0041682455475505,0.11,0.04,0.0,0.8541682455475504,3.80826070481243,1.7999242137173292,29.524737287299267,8b8cf8982136e554,ASSET_COMMON_PERIOD,ASSET_COMMON_COST
f0da44da2550b30d6a75,XRP,BYBIT_PERPETUAL,2023-11-13 20:00:00+00:00,2023-11-13 21:00:00+00:00,0.7126,2023-11-14 20:00:00+00:00,2023-11-14 21:00:00+00:00,0.625,24,24.0,-12.29301150715689,0.11,0.04,0.0,-12.44301150715689,5.950042099354476,18.31321919730565,37.54356458288414,8b8cf8982136e554,ASSET_COMMON_PERIOD,ASSET_COMMON_COST
67e1dd154a594687a05d,XRP,BYBIT_PERPETUAL,2024-11-18 05:00:00+00:00,2024-11-18 06:00:00+00:00,1.1614,2024-11-19 05:00:00+00:00,2024-11-19 06:00:00+00:00,1.1113,24,24.0,-4.313759256070263,0.11,0.04,0.0,-4.463759256070263,2.290339245737899,7.3962459101084965,27.535366607836377,8b8cf8982136e554,ASSET_COMMON_PERIOD,ASSET_COMMON_COST
2b1c844499e24c366e1f,XRP,BYBIT_PERPETUAL,2025-11-13 03:00:00+00:00,2025-11-13 04:00:00+00:00,2.4825,2025-11-14 03:00:00+00:00,2025-11-14 04:00:00+00:00,2.3141,24,24.0,-6.7834843907351505,0.11,0.04,0.0,-6.933484390735151,1.7804632426988931,8.358509566968783,27.863907888869555,8b8cf8982136e554,ASSET_COMMON_PERIOD,ASSET_COMMON_COST
09f7e237d0aa36dd4746,BNB,BYBIT_PERPETUAL,2021-10-22 08:00:00+00:00,2021-10-22 09:00:00+00:00,498.3,2021-10-23 08:00:00+00:00,2021-10-23 09:00:00+00:00,480.5,24,24.0,-3.5721452939996006,0.0,0.0,0.0,-3.5721452939996006,0.0401364639775213,4.665863937387115,31.7748192265479,8b8cf8982136e554,ASSET_COMMON_PERIOD,ASSET_COMMON_GROSS
9a0147198da33f3e50d5,BNB,BYBIT_PERPETUAL,2023-07-13 15:00:00+00:00,2023-07-13 16:00:00+00:00,251.2,2023-07-14 15:00:00+00:00,2023-07-14 16:00:00+00:00,256.25,24,24.0,2.0103503184713425,0.0,0.0,0.0,2.0103503184713425,4.040605095541415,0.4578025477706916,29.476993207671523,8b8cf8982136e554,ASSET_COMMON_PERIOD,ASSET_COMMON_GROSS
acd94842d4ad08672cdf,BNB,BYBIT_PERPETUAL,2023-08-01 07:00:00+00:00,2023-08-01 08:00:00+00:00,245.25,2023-08-02 07:00:00+00:00,2023-08-02 08:00:00+00:00,244.55,24,24.0,-0.28542303771661104,0.0,0.0,0.0,-0.28542303771661104,1.4067278287461726,1.243628950050973,26.544368270356,8b8cf8982136e554,ASSET_COMMON_PERIOD,ASSET_COMMON_GROSS
f0b7fb3186b397b13449,BNB,BYBIT_PERPETUAL,2024-07-30 23:00:00+00:00,2024-07-31 00:00:00+00:00,587.8,2024-07-31 23:00:00+00:00,2024-08-01 00:00:00+00:00,576.3,24,24.0,-1.9564477713507995,0.0,0.0,0.0,-1.9564477713507995,0.8336168764886172,2.2286492004082867,29.698438370129047,8b8cf8982136e554,ASSET_COMMON_PERIOD,ASSET_COMMON_GROSS
ef44c9977d89e4b1dfce,BNB,BYBIT_PERPETUAL,2024-10-14 03:00:00+00:00,2024-10-14 04:00:00+00:00,580.2,2024-10-15 03:00:00+00:00,2024-10-15 04:00:00+00:00,584.85,24,24.0,0.8014477766287448,0.0,0.0,0.0,0.8014477766287448,2.085487762840384,1.0082730093071393,25.71747609981837,8b8cf8982136e554,ASSET_COMMON_PERIOD,ASSET_COMMON_GROSS
a5d6d184a43797552c2b,BNB,BYBIT_PERPETUAL,2025-02-11 04:00:00+00:00,2025-02-11 05:00:00+00:00,636.75,2025-02-12 04:00:00+00:00,2025-02-12 05:00:00+00:00,627.65,24,24.0,-1.4291323125245423,0.0,0.0,0.0,-1.4291323125245423,1.6097369454259915,1.8217510797016132,26.52325928536693,8b8cf8982136e554,ASSET_COMMON_PERIOD,ASSET_COMMON_GROSS
4be01d08b8d892e43b3a,BNB,BYBIT_PERPETUAL,2025-04-22 08:00:00+00:00,2025-04-22 09:00:00+00:00,604.8,2025-04-23 08:00:00+00:00,2025-04-23 09:00:00+00:00,614.9,24,24.0,1.6699735449735489,0.0,0.0,0.0,1.6699735449735489,2.4966931216931254,0.08267195767195767,25.19733834256261,8b8cf8982136e554,ASSET_COMMON_PERIOD,ASSET_COMMON_GROSS
ebe243d2227c466200c5,BNB,BYBIT_PERPETUAL,2025-08-10 04:00:00+00:00,2025-08-10 05:00:00+00:00,814.9,2025-08-11 04:00:00+00:00,2025-08-11 05:00:00+00:00,820.1,24,24.0,0.6381151061479992,0.0,0.0,0.0,0.6381151061479992,1.5093876549269933,2.6874463124309704,33.02974893618578,8b8cf8982136e554,ASSET_COMMON_PERIOD,ASSET_COMMON_GROSS
4f0a16de97a8261143e9,BNB,BYBIT_PERPETUAL,2025-08-18 22:00:00+00:00,2025-08-18 23:00:00+00:00,854.1,2025-08-19 22:00:00+00:00,2025-08-19 23:00:00+00:00,834.9,24,24.0,-2.247980330172116,0.0,0.0,0.0,-2.247980330172116,0.0936658470904993,3.5007610350076073,25.63177065115294,8b8cf8982136e554,ASSET_COMMON_PERIOD,ASSET_COMMON_GROSS
b114cbcb47a32ab3dd93,BNB,BYBIT_PERPETUAL,2025-11-30 13:00:00+00:00,2025-11-30 14:00:00+00:00,896.2,2025-12-01 13:00:00+00:00,2025-12-01 14:00:00+00:00,816.2,24,24.0,-8.926578888640927,0.0,0.0,0.0,-8.926578888640927,0.4016960499888316,9.205534478910957,29.516955580538532,8b8cf8982136e554,ASSET_COMMON_PERIOD,ASSET_COMMON_GROSS
a07cf0849f24c439ae5e,BNB,BYBIT_PERPETUAL,2026-05-05 20:00:00+00:00,2026-05-05 21:00:00+00:00,633.0,2026-05-06 20:00:00+00:00,2026-05-06 21:00:00+00:00,648.4,24,24.0,2.4328593996840406,0.0,0.0,0.0,2.4328593996840406,4.881516587677721,0.6793048973143688,25.65924859514939,8b8cf8982136e554,ASSET_COMMON_PERIOD,ASSET_COMMON_GROSS
c097bfa86dd324f00e1b,BNB,BYBIT_PERPETUAL,2026-06-14 21:00:00+00:00,2026-06-14 22:00:00+00:00,614.3,2026-06-15 21:00:00+00:00,2026-06-15 22:00:00+00:00,618.8,24,24.0,0.7325411036952629,0.0,0.0,0.0,0.7325411036952629,2.9627217971675153,0.5046394269900553,31.670376966965193,8b8cf8982136e554,ASSET_COMMON_PERIOD,ASSET_COMMON_GROSS
09f7e237d0aa36dd4746,BNB,BYBIT_PERPETUAL,2021-10-22 08:00:00+00:00,2021-10-22 09:00:00+00:00,498.3,2021-10-23 08:00:00+00:00,2021-10-23 09:00:00+00:00,480.5,24,24.0,-3.5721452939996006,0.11,0.04,0.0,-3.7221452939996005,0.0401364639775213,4.665863937387115,31.7748192265479,8b8cf8982136e554,ASSET_COMMON_PERIOD,ASSET_COMMON_COST
9a0147198da33f3e50d5,BNB,BYBIT_PERPETUAL,2023-07-13 15:00:00+00:00,2023-07-13 16:00:00+00:00,251.2,2023-07-14 15:00:00+00:00,2023-07-14 16:00:00+00:00,256.25,24,24.0,2.0103503184713425,0.11,0.04,0.0,1.8603503184713424,4.040605095541415,0.4578025477706916,29.476993207671523,8b8cf8982136e554,ASSET_COMMON_PERIOD,ASSET_COMMON_COST
acd94842d4ad08672cdf,BNB,BYBIT_PERPETUAL,2023-08-01 07:00:00+00:00,2023-08-01 08:00:00+00:00,245.25,2023-08-02 07:00:00+00:00,2023-08-02 08:00:00+00:00,244.55,24,24.0,-0.28542303771661104,0.11,0.04,0.0,-0.435423037716611,1.4067278287461726,1.243628950050973,26.544368270356,8b8cf8982136e554,ASSET_COMMON_PERIOD,ASSET_COMMON_COST
f0b7fb3186b397b13449,BNB,BYBIT_PERPETUAL,2024-07-30 23:00:00+00:00,2024-07-31 00:00:00+00:00,587.8,2024-07-31 23:00:00+00:00,2024-08-01 00:00:00+00:00,576.3,24,24.0,-1.9564477713507995,0.11,0.04,0.0,-2.1064477713507994,0.8336168764886172,2.2286492004082867,29.698438370129047,8b8cf8982136e554,ASSET_COMMON_PERIOD,ASSET_COMMON_COST
ef44c9977d89e4b1dfce,BNB,BYBIT_PERPETUAL,2024-10-14 03:00:00+00:00,2024-10-14 04:00:00+00:00,580.2,2024-10-15 03:00:00+00:00,2024-10-15 04:00:00+00:00,584.85,24,24.0,0.8014477766287448,0.11,0.04,0.0,0.6514477766287448,2.085487762840384,1.0082730093071393,25.71747609981837,8b8cf8982136e554,ASSET_COMMON_PERIOD,ASSET_COMMON_COST
a5d6d184a43797552c2b,BNB,BYBIT_PERPETUAL,2025-02-11 04:00:00+00:00,2025-02-11 05:00:00+00:00,636.75,2025-02-12 04:00:00+00:00,2025-02-12 05:00:00+00:00,627.65,24,24.0,-1.4291323125245423,0.11,0.04,0.0,-1.5791323125245424,1.6097369454259915,1.8217510797016132,26.52325928536693,8b8cf8982136e554,ASSET_COMMON_PERIOD,ASSET_COMMON_COST
4be01d08b8d892e43b3a,BNB,BYBIT_PERPETUAL,2025-04-22 08:00:00+00:00,2025-04-22 09:00:00+00:00,604.8,2025-04-23 08:00:00+00:00,2025-04-23 09:00:00+00:00,614.9,24,24.0,1.6699735449735489,0.11,0.04,0.0,1.5199735449735488,2.4966931216931254,0.08267195767195767,25.19733834256261,8b8cf8982136e554,ASSET_COMMON_PERIOD,ASSET_COMMON_COST
ebe243d2227c466200c5,BNB,BYBIT_PERPETUAL,2025-08-10 04:00:00+00:00,2025-08-10 05:00:00+00:00,814.9,2025-08-11 04:00:00+00:00,2025-08-11 05:00:00+00:00,820.1,24,24.0,0.6381151061479992,0.11,0.04,0.0,0.4881151061479992,1.5093876549269933,2.6874463124309704,33.02974893618578,8b8cf8982136e554,ASSET_COMMON_PERIOD,ASSET_COMMON_COST
4f0a16de97a8261143e9,BNB,BYBIT_PERPETUAL,2025-08-18 22:00:00+00:00,2025-08-18 23:00:00+00:00,854.1,2025-08-19 22:00:00+00:00,2025-08-19 23:00:00+00:00,834.9,24,24.0,-2.247980330172116,0.11,0.04,0.0,-2.397980330172116,0.0936658470904993,3.5007610350076073,25.63177065115294,8b8cf8982136e554,ASSET_COMMON_PERIOD,ASSET_COMMON_COST
b114cbcb47a32ab3dd93,BNB,BYBIT_PERPETUAL,2025-11-30 13:00:00+00:00,2025-11-30 14:00:00+00:00,896.2,2025-12-01 13:00:00+00:00,2025-12-01 14:00:00+00:00,816.2,24,24.0,-8.926578888640927,0.11,0.04,0.0,-9.076578888640926,0.4016960499888316,9.205534478910957,29.516955580538532,8b8cf8982136e554,ASSET_COMMON_PERIOD,ASSET_COMMON_COST
a07cf0849f24c439ae5e,BNB,BYBIT_PERPETUAL,2026-05-05 20:00:00+00:00,2026-05-05 21:00:00+00:00,633.0,2026-05-06 20:00:00+00:00,2026-05-06 21:00:00+00:00,648.4,24,24.0,2.4328593996840406,0.11,0.04,0.0,2.2828593996840407,4.881516587677721,0.6793048973143688,25.65924859514939,8b8cf8982136e554,ASSET_COMMON_PERIOD,ASSET_COMMON_COST
c097bfa86dd324f00e1b,BNB,BYBIT_PERPETUAL,2026-06-14 21:00:00+00:00,2026-06-14 22:00:00+00:00,614.3,2026-06-15 21:00:00+00:00,2026-06-15 22:00:00+00:00,618.8,24,24.0,0.7325411036952629,0.11,0.04,0.0,0.5825411036952629,2.9627217971675153,0.5046394269900553,31.670376966965193,8b8cf8982136e554,ASSET_COMMON_PERIOD,ASSET_COMMON_COST
